section_id,section,retry_status,anchor_lat,anchor_lon,anchor_basis,best_score,best_km_from_expected,best_query,best_lat,best_lon,best_name,best_category,best_type,best_place_rank,other_candidates
BANJARA_HILLS_SRI_KRISHNA_NAGAR,SRI KRISHNA NAGAR,found,17.43683,78.43292,subdivision (2 sections),0.97,0.97,"Krishna Nagar, Hyderabad",17.4330523,78.4246746,"Krishna Nagar, Jubilee Hills, Ward 96 Yousufguda, Greater Hyderabad Municipal Corporation Central Zone, Hyderabad, Shaikpet mandal, Hyderabad, Telangana, 500045, India",place,neighbourhood,24.0,"[{""score"": 8.64, ""km_from_expected"": 0.64, ""query"": ""Sri Krishna Nagar, Banjara Hills"", ""lat"": 17.433945, ""lon"": 78.4276962, ""name"": ""Vidya Niketan High School, Sri Krishna Nagar, Krishna Nagar, Yousufguda, Hyderabad, Telangana 500045, Yousufguda Main Road, Krishna Nagar, Jubilee Hills, Ward 96 Yousufguda, Greater Hyderabad Municipal Corporation Central Zone, Hyderabad, Shaikpet mandal, Hyderabad, Telangana, 500045, India"", ""category"": ""amenity"", ""type"": ""university"", ""place_rank"": 30}, {""score"": 8.69, ""km_from_expected"": 0.69, ""query"": ""Sri Krishna Nagar, Banjara Hills"", ""lat"": 17.4329259, ""lon"": 78.4278769, ""name"": ""Sri Sairam High School Main Branch, A-264, Sri Nagar Colony, Krishna Nagar, Yousufguda, Hyderabad, Telangana 500045, Yousufguda Main Road, Krishna Nagar, Jubilee Hills, Ward 96 Yousufguda, Greater Hyderabad Municipal Corporation Central Zone, Hyderabad, Shaikpet mandal, Hyderabad, Telangana, 500045, India"", ""category"": ""amenity"", ""type"": ""university"", ""place_rank"": 30}, {""score"": 8.69, ""km_from_expected"": 0.69, ""query"": ""Sri Krishna Nagar, Banjara Hills"", ""lat"": 17.4332692, ""lon"": 78.4275719, ""name"": ""Amaravathi High School, Sri Krishna Nagar, Krishna Nagar, Yousufguda, Hyderabad, Telangana 500045, Yousufguda Main Road, Krishna Nagar, Jubilee Hills, Ward 96 Yousufguda, Greater Hyderabad Municipal Corporation Central Zone, Hyderabad, Shaikpet mandal, Hyderabad, Telangana, 500045, India"", ""category"": ""amenity"", ""type"": ""university"", ""place_rank"": 30}, {""score"": 8.71, ""km_from_expected"": 0.71, ""query"": ""Sri Krishna Nagar, Banjara Hills"", ""lat"": 17.4319374, ""lon"": 78.4286034, ""name"": ""Unique Public School, 302,8-3-231/A/410, Sri Nagar Colony, Krishna Nagar, Yousufguda, Hyderabad, Telangana 500045, road number 5, Prashant Nagar, Banjara Hills, Ward 96 Yousufguda, Greater Hyderabad Municipal Corporation Central Zone, Hyderabad, Shaikpet mandal, Hyderabad, Telangana, 500045, India"", ""category"": ""amenity"", ""type"": ""university"", ""place_rank"": 30}]"
CYBERCITY_BALAJI_NAGAR,BALAJI NAGAR,found,17.45658,78.37306,division (3 sections),4.82,4.82,"Balaji Nagar, Hyderabad",17.4821906,78.4096963,"Balaji Nagar, KPHB Colony, Ward 115 Balaji Nagar, Greater Hyderabad Municipal Corporation West Zone, Hyderabad, Kukatpally mandal, Medchal–Malkajgiri, Telangana, 500047, India",place,neighbourhood,24.0,"[{""score"": 5.34, ""km_from_expected"": 2.34, ""query"": ""Balaji Nagar, Kondapur"", ""lat"": 17.4413554, ""lon"": 78.388307, ""name"": ""Balaji Hyderabad Mithai Bhandar, Cyber Towers - Madhapur Main Road, Vittal Rao Nagar, Madhapur, Ward 104 Kondapur, Greater Hyderabad Municipal Corporation West Zone, Hyderabad, Serilingampalle mandal, Ranga Reddy, Telangana, 800081, India"", ""category"": ""amenity"", ""type"": ""fast_food"", ""place_rank"": 30}, {""score"": 5.91, ""km_from_expected"": 2.91, ""query"": ""Balaji Nagar, Kondapur"", ""lat"": 17.4396893, ""lon"": 78.3940188, ""name"": ""Sri Laxmi Balaji Womens Hostel, Cyber Towers - Madhapur Main Road, Vittal Rao Nagar, Madhapur, Ward 104 Kondapur, Greater Hyderabad Municipal Corporation West Zone, Hyderabad, Serilingampalle mandal, Ranga Reddy, Telangana, 800081, India"", ""category"": ""tourism"", ""type"": ""hostel"", ""place_rank"": 30}, {""score"": 10.15, ""km_from_expected"": 10.15, ""query"": ""Balaji Nagar, Hyderabad"", ""lat"": 17.3839683, ""lon"": 78.430958, ""name"": ""Balaji Nagar, Ward 71 Gudimalkapur, Greater Hyderabad Municipal Corporation Central Zone, Hyderabad, Asif Nagar mandal, Hyderabad, Telangana, 500264, India"", ""category"": ""place"", ""type"": ""neighbourhood"", ""place_rank"": 24}, {""score"": 20.57, ""km_from_expected"": 20.57, ""query"": ""Balaji Nagar"", ""lat"": 17.5148928, ""lon"": 78.557151, ""name"": ""Balaji Nagar, Alwal mandal, Medchal\u2013Malkajgiri, Telangana, 500087, India"", ""category"": ""place"", ""type"": ""suburb"", ""place_rank"": 19}]"
CYBERCITY_CHEVELLA,CHEVELLA,found,17.45879,78.36589,circle (9 sections),39.63,29.63,Chevella,17.3062296,78.1370079,"Chevella mandal, Ranga Reddy, Telangana, 501503, India",boundary,administrative,12.0,[]
CYBERCITY_CHILKUR,CHILKUR,found,17.45879,78.36589,circle (9 sections),3.56,0.56,"Chilkur, Hyderabad",17.4577733,78.3710193,"Chilkur Balaji Food Court, HITEC City–Kondapur Main Road, jubilee gardens, Kondapur, Ward 107 Madhapur, Greater Hyderabad Municipal Corporation West Zone, Hyderabad, Serilingampalle mandal, Ranga Reddy, Telangana, 500084, India",amenity,food_court,30.0,[]
CYBERCITY_IBRAHIMBAGH,IBRAHIMBAGH,found,17.45879,78.36589,circle (9 sections),12.27,9.27,"Ibrahimbagh, Hyderabad",17.3767677,78.381442,"Ibrahimbagh Road, Ward 66 Langar Houz, Greater Hyderabad Municipal Corporation Central Zone, Hyderabad, Gandipet mandal, Ranga Reddy, Telangana, 500031, India",highway,residential,26.0,[]
CYBERCITY_K_P_H_B_COLONY,K P H B COLONY,found,17.45658,78.37306,division (3 sections),4.73,4.73,"KPHB Colony, Hyderabad",17.4922068,78.3973638,"KPHB Colony, Ward 115 Balaji Nagar, Greater Hyderabad Municipal Corporation West Zone, Hyderabad, Kukatpally mandal, Medchal–Malkajgiri, Telangana, 500072, India",place,suburb,19.0,"[{""score"": 8.14, ""km_from_expected"": 5.14, ""query"": ""KPHB Colony, Hyderabad"", ""lat"": 17.4938025, ""lon"": 78.4017651, ""name"": ""KPHB Colony, Nizampet - JNTU Road Mumbai Highway, Satavahana Nagar, Ward 123 Hydernagar, Greater Hyderabad Municipal Corporation West Zone, Hyderabad, Kukatpally mandal, Medchal\u2013Malkajgiri, Telangana, 500072, India"", ""category"": ""railway"", ""type"": ""station"", ""place_rank"": 30}, {""score"": 28.34, ""km_from_expected"": 20.34, ""query"": ""K P H B Colony, Hyderabad"", ""lat"": 17.4582681, ""lon"": 78.5648135, ""name"": ""A.P.H.B Colony Main Road, Mangapuram Colony, Ward 4 Meerpet H.B Colony, Greater Hyderabad Municipal Corporation East Zone, Hyderabad, Uppal mandal, Medchal\u2013Malkajgiri, Telangana, 500040, India"", ""category"": ""highway"", ""type"": ""tertiary"", ""place_rank"": 26}]"
CYBERCITY_NARSINGI,NARSINGI,found,17.45879,78.36589,circle (9 sections),7.51,7.51,Narsingi,17.3915187,78.3598924,"Narsingi, Manchirevula, Gandipet mandal, Ranga Reddy, Telangana, 500089, India",place,suburb,19.0,"[{""score"": 14.76, ""km_from_expected"": 6.76, ""query"": ""Narsingi, Hyderabad"", ""lat"": 17.3996472, ""lon"": 78.351242, ""name"": ""National Payments Corporation of India (NPCI), Hyderabad, Narsingi, Gandipet mandal, Ranga Reddy, Telangana, India"", ""category"": ""landuse"", ""type"": ""commercial"", ""place_rank"": 24}]"
CYBERCITY_SHANKAR_PALLY,SHANKAR PALLY,found,17.45879,78.36589,circle (9 sections),24.81,24.81,Shankarpalli,17.4531904,78.1320742,"Shankarpalli, Shankarpalle mandal, Ranga Reddy, Telangana, 502201, India",place,village,19.0,"[{""score"": 27.9, ""km_from_expected"": 24.9, ""query"": ""Shankarpally"", ""lat"": 17.455813, ""lon"": 78.1311217, ""name"": ""Bus stand SHANKARPALLY, Brahmagupta Road, Shankarpalli, Shankarpalle mandal, Ranga Reddy, Telangana, 502201, India"", ""category"": ""amenity"", ""type"": ""bus_station"", ""place_rank"": 30}, {""score"": 27.95, ""km_from_expected"": 24.95, ""query"": ""Shankarpalli"", ""lat"": 17.4505553, ""lon"": 78.1307931, ""name"": ""Shankarpalli, Shankarpalli Road, Shankarpalli, Shankarpalle mandal, Ranga Reddy, Telangana, 502201, India"", ""category"": ""railway"", ""type"": ""station"", ""place_rank"": 30}, {""score"": 32.92, ""km_from_expected"": 24.92, ""query"": ""Shankarpally"", ""lat"": 17.4567289, ""lon"": 78.1310146, ""name"": ""Government Homoeo Dispenary, Shankarpally (NRHM), Brahmagupta Road, Shankarpalli, Shankarpalle mandal, Ranga Reddy, Telangana, 502201, India"", ""category"": ""amenity"", ""type"": ""doctors"", ""place_rank"": 30}, {""score"": 33.0, ""km_from_expected"": 25.0, ""query"": ""Shankarpally"", ""lat"": 17.4561596, ""lon"": 78.1302488, ""name"": ""Primary Health Centre, Shankarpally, Brahmagupta Road, Shankarpalli, Shankarpalle mandal, Vikarabad, Telangana, 501203, India"", ""category"": ""amenity"", ""type"": ""clinic"", ""place_rank"": 30}]"
HABSIGUDA_GHATKESAR,GHATKESAR,found,17.4159,78.60227,subdivision (3 sections),10.17,2.17,"Ghatkesar, Hyderabad",17.4165588,78.6227064,"Hyderabad-Janagam Highway, Boduppal, Ghatkesar mandal, Medipally mandal, Medchal–Malkajgiri, Telangana, 500098, India",highway,trunk,26.0,"[{""score"": 11.2, ""km_from_expected"": 3.2, ""query"": ""Ghatkesar, Hyderabad"", ""lat"": 17.4180477, ""lon"": 78.6323835, ""name"": ""Hyderabad-Janagam Highway, Peerzadiguda, Ghatkesar mandal, Medipally mandal, Medchal\u2013Malkajgiri, Telangana, 500098, India"", ""category"": ""highway"", ""type"": ""trunk"", ""place_rank"": 26}, {""score"": 13.16, ""km_from_expected"": 5.16, ""query"": ""Ghatkesar, Hyderabad"", ""lat"": 17.4276271, ""lon"": 78.6493109, ""name"": ""Hyderabad-Janagam Highway, Swarnagiri Colony, Subprabhat Colony, Ghatkesar mandal, Medchal\u2013Malkajgiri, Telangana, 501301, India"", ""category"": ""highway"", ""type"": ""trunk"", ""place_rank"": 26}, {""score"": 14.56, ""km_from_expected"": 6.56, ""query"": ""Ghatkesar, Hyderabad"", ""lat"": 17.4355657, ""lon"": 78.6606009, ""name"": ""Hyderabad-Janagam Highway, Rajeev Gruha Kalpa, Annoji Guda, Ghatkesar mandal, Medchal\u2013Malkajgiri, Telangana, 501301, India"", ""category"": ""highway"", ""type"": ""trunk"", ""place_rank"": 26}, {""score"": 15.37, ""km_from_expected"": 7.37, ""query"": ""Ghatkesar, Hyderabad"", ""lat"": 17.439444, ""lon"": 78.6671897, ""name"": ""Hyderabad-Janagam Highway, Rajeev Gruha Kalpa, S.LN Colony, Ghatkesar mandal, Medchal\u2013Malkajgiri, Telangana, 501301, India"", ""category"": ""highway"", ""type"": ""trunk"", ""place_rank"": 26}]"
HABSIGUDA_UPPAL_BAGAYATH,UPPAL BAGAYATH,not_found,17.40067,78.54921,subdivision (4 sections),,,,,,,,,,[]
HYDERABAD_CENTRAL_AMBERPET,AMBERPET,found,17.40397,78.47718,circle (7 sections),4.33,4.33,"Amberpet, Hyderabad",17.3978928,78.5175088,"Ward 84 Bagh Amberpet, Greater Hyderabad Municipal Corporation Central Zone, Hyderabad, Amberpet mandal, Hyderabad, Telangana, 353535, India",boundary,administrative,20.0,"[{""score"": 5.16, ""km_from_expected"": 5.16, ""query"": ""Amberpet, Hyderabad"", ""lat"": 17.385699, ""lon"": 78.5218948, ""name"": ""Ward 83 Amberpet, Greater Hyderabad Municipal Corporation Central Zone, Hyderabad, Amberpet mandal, Hyderabad, Telangana, 500013, India"", ""category"": ""boundary"", ""type"": ""administrative"", ""place_rank"": 20}, {""score"": 14.14, ""km_from_expected"": 4.14, ""query"": ""Amberpet, Hyderabad"", ""lat"": 17.3861776, ""lon"": 78.5114709, ""name"": ""Amberpet mandal, Hyderabad, Telangana, India"", ""category"": ""boundary"", ""type"": ""administrative"", ""place_rank"": 12}]"
HYDERABAD_CENTRAL_GOLCONDA,GOLCONDA,found,17.40397,78.47718,circle (7 sections),7.8,7.8,"Golconda, Hyderabad",17.3873294,78.4057336,"Golconda, Ward 67 Golconda, Greater Hyderabad Municipal Corporation Central Zone, Hyderabad, Golconda mandal, Hyderabad, Telangana, 500008, India",place,suburb,19.0,"[{""score"": 17.32, ""km_from_expected"": 7.32, ""query"": ""Golconda, Hyderabad"", ""lat"": 17.3823146, ""lon"": 78.4120254, ""name"": ""Golconda mandal, Hyderabad, Telangana, 500048, India"", ""category"": ""boundary"", ""type"": ""administrative"", ""place_rank"": 12}]"
HYDERABAD_CENTRAL_LANGER_HOUSE,LANGER HOUSE,found,17.40397,78.47718,circle (7 sections),10.53,7.53,"Langer House, Hyderabad",17.37331,78.41387,"ICICI Bank Langer House, Hyderabad - Branch & ATM, NH163, Reddy Colony, Golconda, Ward 66 Langar Houz, Greater Hyderabad Municipal Corporation Central Zone, Hyderabad, Golconda mandal, Hyderabad, Telangana, 500008, India",amenity,bank,30.0,"[{""score"": 14.54, ""km_from_expected"": 6.54, ""query"": ""Langerhouse, Hyderabad"", ""lat"": 17.3913353, ""lon"": 78.4169957, ""name"": ""Ibrahim Bagh CH,Langerhouse, Karwan (Basti Dawakhana), Amina Masjid, Akbarpura, Golconda, Ward 67 Golconda, Greater Hyderabad Municipal Corporation Central Zone, Hyderabad, Shaikpet mandal, Hyderabad, Telangana, 500008, India"", ""category"": ""amenity"", ""type"": ""health_post"", ""place_rank"": 30}]"
HYDERABAD_CENTRAL_RETHI_BOWLI,RETHI BOWLI,found,17.40397,78.47718,circle (7 sections),5.24,5.24,"Rethibowli, Hyderabad",17.3937454,78.4289691,"Rethibowli, Mehdipatnam, Ward 70 Mehdipatnam, Greater Hyderabad Municipal Corporation Central Zone, Hyderabad, Asif Nagar mandal, Hyderabad, Telangana, 500028, India",place,neighbourhood,24.0,"[{""score"": 8.0, ""km_from_expected"": 5.0, ""query"": ""Rethibowli, Hyderabad"", ""lat"": 17.3957045, ""lon"": 78.4308438, ""name"": ""Rethibowli, Golkonda Road, P&T Colony, Mehdipatnam, Ward 70 Mehdipatnam, Greater Hyderabad Municipal Corporation Central Zone, Hyderabad, Asif Nagar mandal, Hyderabad, Telangana, 500028, India"", ""category"": ""highway"", ""type"": ""bus_stop"", ""place_rank"": 30}, {""score"": 8.01, ""km_from_expected"": 5.01, ""query"": ""Rethibowli, Hyderabad"", ""lat"": 17.3960184, ""lon"": 78.4307445, ""name"": ""Rethibowli, Golkonda Road, Ward 69 Nanal Nagar, Greater Hyderabad Municipal Corporation Central Zone, Hyderabad, Asif Nagar mandal, Hyderabad, Telangana, 500028, India"", ""category"": ""highway"", ""type"": ""bus_stop"", ""place_rank"": 30}, {""score"": 13.4, ""km_from_expected"": 5.4, ""query"": ""Rethibowli, Hyderabad"", ""lat"": 17.3959377, ""lon"": 78.4270188, ""name"": ""Nanalnagar, Old Bombay Highway, Yousufain Hills, Tolichowki, Ward 69 Nanal Nagar, Greater Hyderabad Municipal Corporation Central Zone, Hyderabad, Shaikpet mandal, Hyderabad, Telangana, 500028, India"", ""category"": ""highway"", ""type"": ""bus_stop"", ""place_rank"": 30}]"
HYDERABAD_CENTRAL_SHAIKPET,SHAIKPET,found,17.40397,78.47718,circle (7 sections),8.12,8.12,"Shaikpet, Hyderabad",17.4057955,78.4006536,"Shaikpet, Ward 94 Shaikpet, Greater Hyderabad Municipal Corporation Central Zone, Hyderabad, Shaikpet mandal, Hyderabad, Telangana, 500110, India",place,suburb,19.0,"[{""score"": 12.87, ""km_from_expected"": 4.87, ""query"": ""Shaikpet, Mehdipatnam"", ""lat"": 17.4004458, ""lon"": 78.4313969, ""name"": ""Mehdipatnam Garrison, Ward 69 Nanal Nagar, Greater Hyderabad Municipal Corporation Central Zone, Hyderabad, Shaikpet mandal, Hyderabad, Telangana, India"", ""category"": ""landuse"", ""type"": ""military"", ""place_rank"": 24}, {""score"": 13.41, ""km_from_expected"": 5.41, ""query"": ""Shaikpet, Mehdipatnam"", ""lat"": 17.3906951, ""lon"": 78.4281251, ""name"": ""Sun Beam Kids, 61, House No. B/7, Paramount Classic Residency, Lane Adjacent to Bowl Of, China & 777 Cafe, Nanal Nagar, Karol Bagh Road, Padmanabha Nagar, Mehdipatnam, Hyderabad, Telangana 500008, Khader Bagh road, Ward 69 Nanal Nagar, Greater Hyderabad Municipal Corporation Central Zone, Hyderabad, Asif Nagar mandal, Hyderabad, Telangana, 500008, India"", ""category"": ""amenity"", ""type"": ""university"", ""place_rank"": 30}, {""score"": 15.37, ""km_from_expected"": 5.37, ""query"": ""Shaikpet, Hyderabad"", ""lat"": 17.4134056, ""lon"": 78.4275478, ""name"": ""Shaikpet mandal, Hyderabad, Telangana, India"", ""category"": ""boundary"", ""type"": ""administrative"", ""place_rank"": 12}]"
HYDERABAD_CENTRAL_SHANKARMUTT,SHANKARMUTT,not_found,17.40397,78.47718,circle (7 sections),,,,,,,,,,[]
HYDERABAD_CENTRAL_SURYANAGAR,SURYANAGAR,found,17.40397,78.47718,circle (7 sections),11.97,8.97,"Suryanagar, Hyderabad",17.3933139,78.5610005,"SuryaNagar Colony Road, Saraswati Colony, Ward 10 Uppal, Greater Hyderabad Municipal Corporation East Zone, Hyderabad, Uppal mandal, Medchal–Malkajgiri, Telangana, 500060, India",highway,secondary,26.0,"[{""score"": 12.13, ""km_from_expected"": 9.13, ""query"": ""Suryanagar, Hyderabad"", ""lat"": 17.399865, ""lon"": 78.5631254, ""name"": ""SuryaNagar Colony Road, Laxma Reddy Colony, Ward 10 Uppal, Greater Hyderabad Municipal Corporation East Zone, Hyderabad, Uppal mandal, Medchal\u2013Malkajgiri, Telangana, 500039, India"", ""category"": ""highway"", ""type"": ""secondary"", ""place_rank"": 26}, {""score"": 14.56, ""km_from_expected"": 11.56, ""query"": ""Suryanagar, Hyderabad"", ""lat"": 17.444727, ""lon"": 78.5773972, ""name"": ""Suryanagar, FCI Godown Road, Chandrapuri Colony, Ward 5 Mallapur, Greater Hyderabad Municipal Corporation East Zone, Hyderabad, Uppal mandal, Medchal\u2013Malkajgiri, Telangana, 500076, India"", ""category"": ""amenity"", ""type"": ""childcare"", ""place_rank"": 30}, {""score"": 15.81, ""km_from_expected"": 12.81, ""query"": ""Suryanagar, Hyderabad"", ""lat"": 17.5158639, ""lon"": 78.506077, ""name"": ""Suryanagar (ward no-23), Surya Nagar Colony Road, Macha Bolarum, Bolarum, Ward 133 Macha Bolarum, Greater Hyderabad Municipal Corporation North Zone, Hyderabad, Alwal mandal, Medchal\u2013Malkajgiri, Telangana, 500100, India"", ""category"": ""amenity"", ""type"": ""childcare"", ""place_rank"": 30}]"
HYDERABAD_CENTRAL_VIJAYA_NAGAR_COLONY,VIJAYA NAGAR COLONY,found,17.40397,78.47718,circle (7 sections),7.05,4.05,"Vijaya Nagar Colony, Mehdipatnam",17.3893119,78.4422313,"Sri Vijaya Hospitals, Hill colony Rd, Murad Nagar, Gudimalkapur, Ward 70 Mehdipatnam, Greater Hyderabad Municipal Corporation Central Zone, Hyderabad, Asif Nagar mandal, Hyderabad, Telangana, 500028, India",amenity,hospital,30.0,"[{""score"": 7.24, ""km_from_expected"": 4.24, ""query"": ""Vijaya Nagar Colony, Mehdipatnam"", ""lat"": 17.3946261, ""lon"": 78.4384798, ""name"": ""Vijaya Diagnostic Centre, Golkonda Road, P&T Colony, Mehdipatnam, Ward 70 Mehdipatnam, Greater Hyderabad Municipal Corporation Central Zone, Hyderabad, Asif Nagar mandal, Hyderabad, Telangana, 500028, India"", ""category"": ""amenity"", ""type"": ""hospital"", ""place_rank"": 30}, {""score"": 16.37, ""km_from_expected"": 13.37, ""query"": ""Vijaya Nagar Colony, Hyderabad"", ""lat"": 17.3304768, ""lon"": 78.5768552, ""name"": ""vijaya fancy store, S.No, 24, Kamala Nagar Rd, Huda Sai Nagar Colony, Hyderabad, Telangana 500070, Raithu Bazar Road, Raithu Bazar, Vanasthalipuram, Ward 13 Hayath Nagar, Greater Hyderabad Municipal Corporation East Zone, Hyderabad, Ranga Reddy, Telangana, 500070, India"", ""category"": ""shop"", ""type"": ""fashion_accessories"", ""place_rank"": 30}]"
HYDERABAD_SOUTH_CHANDRAYANA_GUTTA,CHANDRAYANA GUTTA,found,17.33734,78.47648,subdivision (2 sections),1.5,1.5,"Chandrayangutta, Hyderabad",17.3246955,78.4813558,"Chandrayangutta, Ward 43 Chandrayangutta, Greater Hyderabad Municipal Corporation South Zone, Hyderabad, Bandlaguda mandal, Hyderabad, Telangana, 500005, India",place,suburb,19.0,"[{""score"": 7.39, ""km_from_expected"": 4.39, ""query"": ""Chandrayanagutta, Hyderabad"", ""lat"": 17.3354173, ""lon"": 78.517776, ""name"": ""Chandrayanagutta Sub Station, rci road, Mithila Nagar, Karmanghat, Jillelaguda, Greater Hyderabad Municipal Corporation East Zone, Hyderabad, Bandlaguda mandal, Hyderabad, Telangana, 500097, India"", ""category"": ""building"", ""type"": ""substation"", ""place_rank"": 30}, {""score"": 8.3, ""km_from_expected"": 5.3, ""query"": ""Chandrayanagutta, Hyderabad"", ""lat"": 17.3071827, ""lon"": 78.4378724, ""name"": ""Nimra Colony Chandrayanagutta  (Basti Dawakhana), Temple Road, Katedan, Ward 59 Mailardevpally, Greater Hyderabad Municipal Corporation South Zone, Hyderabad, Rajendranagar mandal, Ranga Reddy, Telangana, 500077, India"", ""category"": ""amenity"", ""type"": ""health_post"", ""place_rank"": 30}, {""score"": 12.32, ""km_from_expected"": 4.32, ""query"": ""Chandrayanagutta, Hyderabad"", ""lat"": 17.3757979, ""lon"": 78.4710462, ""name"": ""Fathima Nagar , Chandrayanagutta (Basthi Dawakhana), Begum Bazar Road, Feelkhana, Afzalgunj, Ward 50 Begum Bazar, Greater Hyderabad Municipal Corporation Central Zone, Hyderabad, Nampally mandal, Hyderabad, Telangana, 500012, India"", ""category"": ""amenity"", ""type"": ""health_post"", ""place_rank"": 30}]"
HYDERABAD_SOUTH_DATTATREYA_COLONY,DATTATREYA COLONY,found,17.37601,78.46478,division (3 sections),16.29,16.29,"Dattatreya Colony, Hyderabad",17.5110985,78.4052903,"Dattatreya Colony, Gajularamaram, Ward 124 Alwyn Colony, Greater Hyderabad Municipal Corporation West Zone, Hyderabad, Quthbullapur mandal, Medchal–Malkajgiri, Telangana, 501002, India",place,neighbourhood,24.0,"[{""score"": 17.19, ""km_from_expected"": 17.19, ""query"": ""Dattatreya Nagar, Hyderabad"", ""lat"": 17.3377719, ""lon"": 78.6217464, ""name"": ""Dattatreya Nagar, Ward 13 Hayath Nagar, Greater Hyderabad Municipal Corporation East Zone, Hyderabad, Ranga Reddy, Telangana, 501505, India"", ""category"": ""place"", ""type"": ""neighbourhood"", ""place_rank"": 24}]"
HYDERABAD_SOUTH_MOGHAL_PURA,MOGHAL PURA,found,17.36083,78.46675,division (5 sections),1.16,1.16,"Moghalpura, Hyderabad",17.3575281,78.4770839,"Moghalpura, Ward 32 Patthergatti, Greater Hyderabad Municipal Corporation South Zone, Hyderabad, Charminar mandal, Hyderabad, Telangana, 500065, India",place,suburb,19.0,[]
HYDERABAD_SOUTH_PUTLI_BOWLI,PUTLI BOWLI,not_found,17.37601,78.46478,division (3 sections),,,,,,,,,,[]
HYDERABAD_SOUTH_SAIDABAD,SAIDABAD,found,17.35705,78.50239,division (2 sections),9.87,1.87,"Saidabad, Asmangadh",17.3680742,78.5156883,"St joseph's public school, Asmangadh palace, آسمان گڑھ روڈ, Bank Colony, Gaddiannaram, Ward 24 Saidabad, Greater Hyderabad Municipal Corporation South Zone, Hyderabad, Saroornagar mandal, Ranga Reddy, Telangana, 500036, India",amenity,school,30.0,"[{""score"": 11.35, ""km_from_expected"": 1.35, ""query"": ""Saidabad, Hyderabad"", ""lat"": 17.359533, ""lon"": 78.5147979, ""name"": ""Saidabad mandal, Hyderabad, Telangana, 500059, India"", ""category"": ""boundary"", ""type"": ""administrative"", ""place_rank"": 12}]"
MEDCHAL_ALIABAD,ALIABAD,found,17.52718,78.48027,division (5 sections),20.2,20.2,"Aliabad, Hyderabad",17.34563,78.4726799,"Aliabad, Ward 48 Shah Ali Banda, Greater Hyderabad Municipal Corporation South Zone, Hyderabad, Bahadurpura mandal, Hyderabad, Telangana, 500065, India",place,suburb,19.0,"[{""score"": 50.84, ""km_from_expected"": 50.84, ""query"": ""Aliabad"", ""lat"": 17.5719264, ""lon"": 78.0029962, ""name"": ""Aliabad, Kondapur mandal, Sangareddy, Telangana, 502306, India"", ""category"": ""place"", ""type"": ""village"", ""place_rank"": 19}]"
MEDCHAL_BHAGYA_NAGAR,BHAGYA NAGAR,found,17.49872,78.41021,subdivision (2 sections),0.75,0.75,"Bhagyanagar, Hyderabad",17.4974865,78.403275,"Bhagyanagar Colony, Ward 124 Alwyn Colony, Greater Hyderabad Municipal Corporation West Zone, Hyderabad, Kukatpally mandal, Medchal–Malkajgiri, Telangana, 500072, India",place,neighbourhood,24.0,"[{""score"": 3.92, ""km_from_expected"": 0.92, ""query"": ""Bhagyanagar, Hyderabad"", ""lat"": 17.4944433, ""lon"": 78.4027422, ""name"": ""Bhagyanagar Saibaba temple, Usha Mullapudi Rd, Satavahana Nagar, Ward 123 Hydernagar, Greater Hyderabad Municipal Corporation West Zone, Hyderabad, Kukatpally mandal, Medchal\u2013Malkajgiri, Telangana, 500072, India"", ""category"": ""amenity"", ""type"": ""place_of_worship"", ""place_rank"": 30}, {""score"": 4.14, ""km_from_expected"": 1.14, ""query"": ""Bhagyanagar, Hyderabad"", ""lat"": 17.497514, ""lon"": 78.3994914, ""name"": ""Bhagyanagar Colony Ext Rd, Satavahana Nagar, Ward 123 Hydernagar, Greater Hyderabad Municipal Corporation West Zone, Hyderabad, Kukatpally mandal, Medchal\u2013Malkajgiri, Telangana, 500072, India"", ""category"": ""highway"", ""type"": ""residential"", ""place_rank"": 26}, {""score"": 4.16, ""km_from_expected"": 1.16, ""query"": ""Bhagyanagar, Hyderabad"", ""lat"": 17.5031636, ""lon"": 78.4002902, ""name"": ""Bhagyanagar Hills Road, HMT Hills, Satavahana Nagar, Ward 123 Hydernagar, Greater Hyderabad Municipal Corporation West Zone, Hyderabad, Kukatpally mandal, Medchal\u2013Malkajgiri, Telangana, 500072, India"", ""category"": ""highway"", ""type"": ""secondary"", ""place_rank"": 26}, {""score"": 4.37, ""km_from_expected"": 1.37, ""query"": ""Bhagyanagar, Hyderabad"", ""lat"": 17.503002, ""lon"": 78.3981248, ""name"": ""Bhagyanagar Hills Road, HMT Hills, Satavahana Nagar, Ward 123 Hydernagar, Greater Hyderabad Municipal Corporation West Zone, Hyderabad, Kukatpally mandal, Medchal\u2013Malkajgiri, Telangana, 500085, India"", ""category"": ""highway"", ""type"": ""secondary"", ""place_rank"": 26}]"
MEDCHAL_JAGADGIRI_GUTTA,JAGADGIRI GUTTA,found,17.52055,78.47066,subdivision (4 sections),5.16,5.16,"Jagadgirigutta, Hyderabad",17.5020418,78.4260747,"Jagadgirigutta, Ward 126 Jagathgirigutta, Greater Hyderabad Municipal Corporation North Zone, Hyderabad, Kukatpally mandal, Medchal–Malkajgiri, Telangana, 500047, India",place,suburb,19.0,"[{""score"": 5.2, ""km_from_expected"": 5.2, ""query"": ""Jagathgirigutta, Hyderabad"", ""lat"": 17.5058259, ""lon"": 78.4241102, ""name"": ""Ward 126 Jagathgirigutta, Greater Hyderabad Municipal Corporation North Zone, Hyderabad, Kukatpally mandal, Medchal\u2013Malkajgiri, Telangana, India"", ""category"": ""boundary"", ""type"": ""administrative"", ""place_rank"": 20}, {""score"": 8.62, ""km_from_expected"": 5.62, ""query"": ""Jagathgirigutta, Hyderabad"", ""lat"": 17.4993176, ""lon"": 78.4226016, ""name"": ""Jagathgirigutta, Kukatpally-Jagathgiri Gutta Road, Ward 122 Vivekananda Nagar Colony, Greater Hyderabad Municipal Corporation West Zone, Hyderabad, Kukatpally mandal, Medchal\u2013Malkajgiri, Telangana, 500047, India"", ""category"": ""amenity"", ""type"": ""childcare"", ""place_rank"": 30}]"
MEDCHAL_MEDCHAL_RURAL,MEDCHAL RURAL,found,17.52718,78.48027,division (5 sections),7.52,2.52,"Medchal, Hyderabad",17.5165945,78.4592808,"Greater Hyderabad Municipal Corporation North Zone, Hyderabad, Quthbullapur mandal, Medchal–Malkajgiri, Telangana, India",boundary,administrative,18.0,"[{""score"": 11.88, ""km_from_expected"": 11.88, ""query"": ""Medchal, Medchal"", ""lat"": 17.6339929, ""lon"": 78.4843146, ""name"": ""Medchal, Medchal mandal, Medchal\u2013Malkajgiri, Telangana, 501400, India"", ""category"": ""place"", ""type"": ""village"", ""place_rank"": 19}, {""score"": 14.78, ""km_from_expected"": 4.78, ""query"": ""Medchal"", ""lat"": 17.5349835, ""lon"": 78.5246387, ""name"": ""Medchal\u2013Malkajgiri, Telangana, India"", ""category"": ""boundary"", ""type"": ""administrative"", ""place_rank"": 10}, {""score"": 15.55, ""km_from_expected"": 12.55, ""query"": ""Medchal, Medchal"", ""lat"": 17.6399251, ""lon"": 78.4753441, ""name"": ""Medchal, medchal station, Medchal, Medchal mandal, Medchal\u2013Malkajgiri, Telangana, 501400, India"", ""category"": ""railway"", ""type"": ""station"", ""place_rank"": 30}, {""score"": 15.7, ""km_from_expected"": 12.7, ""query"": ""Medchal, Medchal"", ""lat"": 17.6413113, ""lon"": 78.4751061, ""name"": ""Medchal, medchal station, Medchal, Medchal mandal, Medchal\u2013Malkajgiri, Telangana, 501400, India"", ""category"": ""railway"", ""type"": ""stop"", ""place_rank"": 30}]"
MEDCHAL_MEDCHAL_TOWN,MEDCHAL TOWN,found,17.52718,78.48027,division (5 sections),7.52,2.52,"Medchal, Hyderabad",17.5165945,78.4592808,"Greater Hyderabad Municipal Corporation North Zone, Hyderabad, Quthbullapur mandal, Medchal–Malkajgiri, Telangana, India",boundary,administrative,18.0,"[{""score"": 11.88, ""km_from_expected"": 11.88, ""query"": ""Medchal, Medchal"", ""lat"": 17.6339929, ""lon"": 78.4843146, ""name"": ""Medchal, Medchal mandal, Medchal\u2013Malkajgiri, Telangana, 501400, India"", ""category"": ""place"", ""type"": ""village"", ""place_rank"": 19}, {""score"": 14.78, ""km_from_expected"": 4.78, ""query"": ""Medchal"", ""lat"": 17.5349835, ""lon"": 78.5246387, ""name"": ""Medchal\u2013Malkajgiri, Telangana, India"", ""category"": ""boundary"", ""type"": ""administrative"", ""place_rank"": 10}, {""score"": 15.55, ""km_from_expected"": 12.55, ""query"": ""Medchal, Medchal"", ""lat"": 17.6399251, ""lon"": 78.4753441, ""name"": ""Medchal, medchal station, Medchal, Medchal mandal, Medchal\u2013Malkajgiri, Telangana, 501400, India"", ""category"": ""railway"", ""type"": ""station"", ""place_rank"": 30}, {""score"": 15.7, ""km_from_expected"": 12.7, ""query"": ""Medchal, Medchal"", ""lat"": 17.6413113, ""lon"": 78.4751061, ""name"": ""Medchal, medchal station, Medchal, Medchal mandal, Medchal\u2013Malkajgiri, Telangana, 501400, India"", ""category"": ""railway"", ""type"": ""stop"", ""place_rank"": 30}]"
MEDCHAL_SHAMEERPET,SHAMEERPET,found,17.52718,78.48027,division (5 sections),15.2,12.2,"Shameerpet, Medchal",17.5945227,78.5710755,"Shameerpet-III, SH1, Upparapalle, Shamirpet mandal, Medchal–Malkajgiri, Telangana, 500078, India",amenity,childcare,30.0,"[{""score"": 15.52, ""km_from_expected"": 12.52, ""query"": ""Shameerpet, Medchal"", ""lat"": 17.5944116, ""lon"": 78.5749818, ""name"": ""Shameerpet-I, SH1, Upparapalle, Shamirpet mandal, Medchal\u2013Malkajgiri, Telangana, 500078, India"", ""category"": ""amenity"", ""type"": ""childcare"", ""place_rank"": 30}]"
MEDCHAL_SHAPURNAGAR,SHAPURNAGAR,found,17.53356,78.42483,division (4 sections),2.81,2.81,"Shapur Nagar, Hyderabad",17.5173373,78.4450956,"Shapur Nagar, Greater Hyderabad Municipal Corporation North Zone, Hyderabad, Quthbullapur mandal, Medchal–Malkajgiri, Telangana, India",place,village,19.0,"[{""score"": 3.18, ""km_from_expected"": 3.18, ""query"": ""Shapur Nagar, Hyderabad"", ""lat"": 17.5146989, ""lon"": 78.4473499, ""name"": ""Shapur Nagar, Ward 130 Subash Nagar, Greater Hyderabad Municipal Corporation North Zone, Hyderabad, Quthbullapur mandal, Medchal\u2013Malkajgiri, Telangana, 500055, India"", ""category"": ""place"", ""type"": ""neighbourhood"", ""place_rank"": 24}]"
RAJENDRA_NAGAR_BALAPUR,BALAPUR,found,17.33162,78.43982,circle (5 sections),6.84,6.84,Balapur,17.3096061,78.4999427,"Balapur, Balapur mandal, Ranga Reddy, Telangana, 500021, India",place,village,19.0,"[{""score"": 10.41, ""km_from_expected"": 7.41, ""query"": ""Balapur, Hyderabad"", ""lat"": 17.3085041, ""lon"": 78.5052949, ""name"": ""Balapur - II, RCI road, Sri Chaitanya Homes, Barkas, Greater Hyderabad Municipal Corporation East Zone, Balapur, Balapur mandal, Ranga Reddy, Telangana, 500021, India"", ""category"": ""amenity"", ""type"": ""childcare"", ""place_rank"": 30}, {""score"": 10.43, ""km_from_expected"": 7.43, ""query"": ""Balapur, Hyderabad"", ""lat"": 17.3055067, ""lon"": 78.5042041, ""name"": ""HMWSSB - Balapur, RCI road, Sri Chaitanya Homes, Barkas, Greater Hyderabad Municipal Corporation East Zone, Balapur, Balapur mandal, Ranga Reddy, Telangana, 500021, India"", ""category"": ""office"", ""type"": ""government"", ""place_rank"": 30}, {""score"": 10.45, ""km_from_expected"": 7.45, ""query"": ""Balapur, Hyderabad"", ""lat"": 17.307521, ""lon"": 78.5053298, ""name"": ""Balapur subcentre building Badangpet - HUA(Basthi Dawakhana), RCI road, Sri Chaitanya Homes, Barkas, Greater Hyderabad Municipal Corporation East Zone, Balapur, Balapur mandal, Ranga Reddy, Telangana, 500021, India"", ""category"": ""amenity"", ""type"": ""health_post"", ""place_rank"": 30}, {""score"": 11.54, ""km_from_expected"": 3.54, ""query"": ""Balapur, Hyderabad"", ""lat"": 17.299985, ""lon"": 78.4434738, ""name"": ""Hyderabad, Katedan, Ward 59 Mailardevpally, Greater Hyderabad Municipal Corporation South Zone, Hyderabad, Rajendranagar mandal, Ranga Reddy, Telangana, India"", ""category"": ""water"", ""type"": ""pond"", ""place_rank"": 24}]"
RAJENDRA_NAGAR_GAGANPAHAD,GAGANPAHAD,found,17.31772,78.44503,subdivision (2 sections),6.63,3.63,"Gaganpahad, Hyderabad",17.2990973,78.4169614,"Gaganpahad-I, Flyover, Gagan Pahad, Ward 59 Mailardevpally, Greater Hyderabad Municipal Corporation South Zone, Hyderabad, Rajendranagar mandal, Ranga Reddy, Telangana, 500077, India",amenity,childcare,30.0,"[{""score"": 6.65, ""km_from_expected"": 3.65, ""query"": ""Gaganpahad, Hyderabad"", ""lat"": 17.2959988, ""lon"": 78.4192928, ""name"": ""Gaganpahad-II, NH44, Gagan Pahad, Ward 59 Mailardevpally, Greater Hyderabad Municipal Corporation South Zone, Hyderabad, Rajendranagar mandal, Ranga Reddy, Telangana, 500077, India"", ""category"": ""amenity"", ""type"": ""childcare"", ""place_rank"": 30}, {""score"": 8.45, ""km_from_expected"": 5.45, ""query"": ""Gaganpahad, Hyderabad"", ""lat"": 17.3549315, ""lon"": 78.4785127, ""name"": ""Gaganpahad, Rajendra Nagar (Basthi Dawakhana), Darul Shifa Road, Murad Mahal Colony, Ward 33 Moghalpura, Greater Hyderabad Municipal Corporation South Zone, Hyderabad, Charminar mandal, Hyderabad, Telangana, 500065, India"", ""category"": ""amenity"", ""type"": ""health_post"", ""place_rank"": 30}]"
RAJENDRA_NAGAR_HIMAYAT_SAGAR,HIMAYAT SAGAR,found,17.33162,78.43657,subdivision (3 sections),11.66,8.66,Himayat Sagar,17.3135573,78.3572056,"Himayat Sagar, Nagireddyguda, Moinabad mandal, Ranga Reddy, Telangana, 500058, India",water,lake,20.0,"[{""score"": 12.7, ""km_from_expected"": 9.7, ""query"": ""Himayat Sagar"", ""lat"": 17.2822726, ""lon"": 78.3612566, ""name"": ""Himayat Sagar, Moinabad mandal, Ranga Reddy, Telangana, India"", ""category"": ""water"", ""type"": ""lake"", ""place_rank"": 20}, {""score"": 14.88, ""km_from_expected"": 6.88, ""query"": ""Himayatsagar"", ""lat"": 17.3245622, ""lon"": 78.3721516, ""name"": ""Andhra Pradesh Engineering Research Centre, Himayatsagar, Outer Ring Road, Moinabad mandal, Ranga Reddy, Telangana, 500030, India"", ""category"": ""office"", ""type"": ""government"", ""place_rank"": 30}]"
RAJENDRA_NAGAR_KOTHUR,KOTHUR,found,17.33162,78.43982,circle (5 sections),25.92,25.92,Kothur,17.1486076,78.2886922,"Kothur, Kothur mandal, Ranga Reddy, Telangana, 509228, India",place,village,19.0,"[{""score"": 25.94, ""km_from_expected"": 22.94, ""query"": ""Kothur, Shadnagar"", ""lat"": 17.1861601, ""lon"": 78.2865794, ""name"": ""Kothur-IV, NH44, Mekalabanda Tanda, Ghansimiaguda, Shamshabad mandal, Ranga Reddy, Telangana, 509325, India"", ""category"": ""amenity"", ""type"": ""childcare"", ""place_rank"": 30}, {""score"": 26.78, ""km_from_expected"": 26.78, ""query"": ""Kothur"", ""lat"": 17.0923317, ""lon"": 78.4683788, ""name"": ""Kothur, Kandukur mandal, Ranga Reddy, Telangana, India"", ""category"": ""place"", ""type"": ""village"", ""place_rank"": 19}, {""score"": 28.94, ""km_from_expected"": 25.94, ""query"": ""Kothur, Shadnagar"", ""lat"": 17.15052, ""lon"": 78.2857946, ""name"": ""Kothur I, Old NH7, Kothur, Kothur mandal, Ranga Reddy, Telangana, 509228, India"", ""category"": ""amenity"", ""type"": ""childcare"", ""place_rank"": 30}, {""score"": 29.02, ""km_from_expected"": 26.02, ""query"": ""Kothur, Shadnagar"", ""lat"": 17.1477529, ""lon"": 78.2883207, ""name"": ""Kothur III, Old NH7, Kothur, Kothur mandal, Ranga Reddy, Telangana, 509228, India"", ""category"": ""amenity"", ""type"": ""childcare"", ""place_rank"": 30}]"
RAJENDRA_NAGAR_MAHESHWARAM,MAHESHWARAM,found,17.33162,78.43982,circle (5 sections),4.89,4.89,"Maheshwaram, Hyderabad",17.3158544,78.4828417,"Maheshwaram Lines, Ward 42 Barkas, Greater Hyderabad Municipal Corporation South Zone, Hyderabad, Bandlaguda mandal, Hyderabad, Telangana, 500005, India",place,neighbourhood,24.0,[]
RAJENDRA_NAGAR_MD_PALLY,MD PALLY,found,17.31772,78.44503,subdivision (2 sections),0.28,0.28,"Mailardevpally, Hyderabad",17.3200218,78.4460585,"Mailardevpally, Ward 59 Mailardevpally, Greater Hyderabad Municipal Corporation South Zone, Hyderabad, Rajendranagar mandal, Ranga Reddy, Telangana, 500077, India",place,suburb,19.0,[]
RAJENDRA_NAGAR_NANDIGAMA,NANDIGAMA,found,17.33162,78.43982,circle (5 sections),30.03,30.03,Nandigama,17.515149,78.2321453,"Nandigama, Patancheruvu mandal, Sangareddy, Telangana, 502300, India",place,village,19.0,"[{""score"": 30.65, ""km_from_expected"": 30.65, ""query"": ""Nandigama"", ""lat"": 17.1191265, ""lon"": 78.2559744, ""name"": ""Nandigama, Nandigama mandal, Ranga Reddy, Telangana, 509228, India"", ""category"": ""place"", ""type"": ""village"", ""place_rank"": 19}, {""score"": 33.51, ""km_from_expected"": 30.51, ""query"": ""Nandigama, Shadnagar"", ""lat"": 17.1202827, ""lon"": 78.2565965, ""name"": ""Nandigama I, Mekaguda road Nandigam, Mohinuddin Guda (U.I), Nandigama, Nandigama mandal, Ranga Reddy, Telangana, 509228, India"", ""category"": ""amenity"", ""type"": ""childcare"", ""place_rank"": 30}, {""score"": 37.35, ""km_from_expected"": 29.35, ""query"": ""Nandigama, Hyderabad"", ""lat"": 17.1284819, ""lon"": 78.2633957, ""name"": ""Old NH 7 Hyderabad Road, Mohinuddin Guda (U.I), Nandigama, Nandigama mandal, Ranga Reddy, Telangana, 509228, India"", ""category"": ""highway"", ""type"": ""primary"", ""place_rank"": 26}, {""score"": 40.86, ""km_from_expected"": 30.86, ""query"": ""Nandigama"", ""lat"": 17.1356702, ""lon"": 78.2339849, ""name"": ""Nandigama mandal, Ranga Reddy, Telangana, India"", ""category"": ""boundary"", ""type"": ""administrative"", ""place_rank"": 12}]"
RAJENDRA_NAGAR_PAHADISHARIFF,PAHADISHARIFF,found,17.33162,78.43982,circle (5 sections),7.86,7.86,Pahadi Shareef,17.2677334,78.4715471,"Pahadi Shareef Dargah, Pahadi Sharif, Balapur mandal, Ranga Reddy, Telangana, India",place,locality,25.0,"[{""score"": 15.57, ""km_from_expected"": 7.57, ""query"": ""Pahadi Shareef"", ""lat"": 17.2711602, ""lon"": 78.4725134, ""name"": ""SubCentre, Pahadi Shareef, Pahadi Shareef, Balapur mandal, Ranga Reddy, Telangana, 500005, India"", ""category"": ""healthcare"", ""type"": ""centre"", ""place_rank"": 30}]"
RAJENDRA_NAGAR_SHADNAGAR_RURAL,SHADNAGAR RURAL,found,17.33162,78.43982,circle (5 sections),38.59,38.59,Shadnagar,17.0671702,78.2045948,"Shadnagar, Farooqnagar mandal, Ranga Reddy, Telangana, 509216, India",place,town,18.0,"[{""score"": 41.21, ""km_from_expected"": 38.21, ""query"": ""Shadnagar, Shadnagar"", ""lat"": 17.0648591, ""lon"": 78.2130136, ""name"": ""Shadnagar, street road, Shadnagar, Farooqnagar mandal, Ranga Reddy, Telangana, 509216, India"", ""category"": ""railway"", ""type"": ""station"", ""place_rank"": 30}, {""score"": 41.23, ""km_from_expected"": 38.23, ""query"": ""Shadnagar, Shadnagar"", ""lat"": 17.0644369, ""lon"": 78.213305, ""name"": ""Shadnagar, station road 1, Shadnagar, Farooqnagar mandal, Ranga Reddy, Telangana, 509216, India"", ""category"": ""railway"", ""type"": ""stop"", ""place_rank"": 30}, {""score"": 44.34, ""km_from_expected"": 36.34, ""query"": ""Shadnagar, Hyderabad"", ""lat"": 17.0859051, ""lon"": 78.2142505, ""name"": ""Old NH 7 Hyderabad Road, Shadnagar, Farooqnagar mandal, Ranga Reddy, Telangana, 509216, India"", ""category"": ""highway"", ""type"": ""primary"", ""place_rank"": 26}, {""score"": 46.61, ""km_from_expected"": 38.61, ""query"": ""Shadnagar, Shadnagar"", ""lat"": 17.0669348, ""lon"": 78.2045663, ""name"": ""TGSRTC Bus Depot , Shadnagar, Shadnagar, Farooqnagar mandal, Ranga Reddy, Telangana, India"", ""category"": ""landuse"", ""type"": ""industrial"", ""place_rank"": 24}]"
RAJENDRA_NAGAR_SHAMSHABAD,SHAMSHABAD,found,17.33162,78.43982,division (5 sections),9.27,9.27,Shamshabad,17.2611444,78.3931943,"Shamshabad, Shamshabad mandal, Ranga Reddy, Telangana, 509218, India",place,village,19.0,"[{""score"": 15.2, ""km_from_expected"": 7.2, ""query"": ""Shamshabad, Rajendra Nagar"", ""lat"": 17.3046202, ""lon"": 78.378155, ""name"": ""Rajendra Nagar (South), Outer Ring Road, Kothwalguda, Shamshabad mandal, Ranga Reddy, Telangana, 500058, India"", ""category"": ""highway"", ""type"": ""motorway_junction"", ""place_rank"": 30}, {""score"": 17.74, ""km_from_expected"": 9.74, ""query"": ""Shamshabad, Hyderabad"", ""lat"": 17.260048, ""lon"": 78.386917, ""name"": ""Hyderabad House, NH44, Madhura Nagar, Shamshabad, Shamshabad mandal, Ranga Reddy, Telangana, 509218, India"", ""category"": ""amenity"", ""type"": ""restaurant"", ""place_rank"": 30}, {""score"": 19.2, ""km_from_expected"": 11.2, ""query"": ""Shamshabad, Hyderabad"", ""lat"": 17.2311636, ""lon"": 78.4317834, ""name"": ""Rajiv Gandhi International Airport, Cargo Road, Shamshabad mandal, Ranga Reddy, Telangana, 509218, India"", ""category"": ""aeroway"", ""type"": ""aerodrome"", ""place_rank"": 30}, {""score"": 19.43, ""km_from_expected"": 11.43, ""query"": ""Shamshabad, Hyderabad"", ""lat"": 17.2384839, ""lon"": 78.3942997, ""name"": ""Delhivery Hyderabad Hub, RGIA Approach Road, Shamshabad, Shamshabad mandal, Ranga Reddy, Telangana, 509218, India"", ""category"": ""building"", ""type"": ""warehouse"", ""place_rank"": 30}]"
RAJENDRA_NAGAR_SHAPOOR,SHAPOOR,not_found,17.33162,78.43982,division (5 sections),,,,,,,,,,[]
SAROORNAGAR_ABDULLAPURMET,ABDULLAPURMET,found,17.34337,78.54685,circle (8 sections),13.02,5.02,"Abdullapurmet, Hyderabad",17.3045044,78.5708899,"Hyderabad - Nagarjuna Sagar Road, Teachers Colony, Ward 14 BN Reddy Nagar, Greater Hyderabad Municipal Corporation East Zone, Abdullapurmet mandal, Balapur mandal, Ranga Reddy, Telangana, 500070, India",highway,primary,26.0,"[{""score"": 15.91, ""km_from_expected"": 7.91, ""query"": ""Abdullapurmet, Hyderabad"", ""lat"": 17.3199236, ""lon"": 78.6171715, ""name"": ""Vijaywada Highway, Surya Vamshi Garden City, Hayathnagar mandal, Greater Hyderabad Municipal Corporation East Zone, Hyderabad, Ranga Reddy, Telangana, 501505, India"", ""category"": ""highway"", ""type"": ""trunk"", ""place_rank"": 26}, {""score"": 16.77, ""km_from_expected"": 8.77, ""query"": ""Abdullapurmet, Hyderabad"", ""lat"": 17.3205513, ""lon"": 78.6259134, ""name"": ""Vijaywada Highway, Surya Vamshi Garden City, Abdullapurmet mandal, Ranga Reddy, Telangana, 501505, India"", ""category"": ""highway"", ""type"": ""trunk"", ""place_rank"": 26}, {""score"": 17.45, ""km_from_expected"": 9.45, ""query"": ""Abdullapurmet, Hyderabad"", ""lat"": 17.322142, ""lon"": 78.6330721, ""name"": ""Vijaywada Highway, Abdullapurmet mandal, Ranga Reddy, Telangana, 501505, India"", ""category"": ""highway"", ""type"": ""trunk"", ""place_rank"": 26}, {""score"": 17.85, ""km_from_expected"": 14.85, ""query"": ""Abdullapurmet"", ""lat"": 17.3194891, ""lon"": 78.6844552, ""name"": ""Abdullapurmet lake, Balijaguda, Abdullapurmet mandal, Ranga Reddy, Telangana, India"", ""category"": ""water"", ""type"": ""lake"", ""place_rank"": 20}]"
SAROORNAGAR_ADIBATLA,ADIBATLA,found,17.34337,78.54685,circle (8 sections),15.54,12.54,"Adibatla, Ibrahimpatnam",17.230899,78.5558997,"Adibatla-2, Outer Ring Road, Bongulur, Ibrahimpatnam mandal, Ranga Reddy, Telangana, 501510, India",amenity,childcare,30.0,[]
SAROORNAGAR_BN_REDDY_NAGAR,BN REDDY NAGAR,found,17.34216,78.52221,division (3 sections),4.93,4.93,"Bn Reddy Nagar, Hyderabad",17.3197609,78.5623061,"BN Reddy Nagar, Hayathnagar mandal, Greater Hyderabad Municipal Corporation East Zone, Hyderabad, Ranga Reddy, Telangana, 500070, India",place,neighbourhood,24.0,"[{""score"": 7.58, ""km_from_expected"": 4.58, ""query"": ""B N Reddy Nagar, Hyderabad"", ""lat"": 17.321914, ""lon"": 78.5597937, ""name"": ""B.N Reddy Nagar Bus Stop, Hyderabad - Nagarjuna Sagar Road, Hasthinapuram South, Ward 14 BN Reddy Nagar, Greater Hyderabad Municipal Corporation East Zone, Hyderabad, Ranga Reddy, Telangana, 500070, India"", ""category"": ""amenity"", ""type"": ""bus_station"", ""place_rank"": 30}, {""score"": 14.28, ""km_from_expected"": 6.28, ""query"": ""B N Reddy Nagar, Hyderabad"", ""lat"": 17.3294795, ""lon"": 78.5798303, ""name"": ""pakodi, 35, Vanasthalipuram Rd, Bhoolakshmi Nagar, B.N Reddy Nagar, Hyderabad, Telangana 500070, Raithu Bazar Road, Raithu Bazar, Vanasthalipuram, Ward 13 Hayath Nagar, Greater Hyderabad Municipal Corporation East Zone, Hyderabad, Ranga Reddy, Telangana, 500070, India"", ""category"": ""amenity"", ""type"": ""fast_food"", ""place_rank"": 30}, {""score"": 15.26, ""km_from_expected"": 15.26, ""query"": ""Bn Reddy Nagar, Hyderabad"", ""lat"": 17.462147, ""lon"": 78.5921097, ""name"": ""BN Reddy Nagar, Cherlapally, Ward 3 Cherlapally, Greater Hyderabad Municipal Corporation East Zone, Hyderabad, Kapra mandal, Medchal\u2013Malkajgiri, Telangana, 500040, India"", ""category"": ""place"", ""type"": ""neighbourhood"", ""place_rank"": 24}, {""score"": 18.53, ""km_from_expected"": 15.53, ""query"": ""Bn Reddy Nagar, Hyderabad"", ""lat"": 17.4628833, ""lon"": 78.5958189, ""name"": ""BN Reddy Nagar, Cherlapally, Ward 3 Cherlapally, Greater Hyderabad Municipal Corporation East Zone, Hyderabad, Kapra mandal, Medchal\u2013Malkajgiri, Telangana, 500083, India"", ""category"": ""highway"", ""type"": ""residential"", ""place_rank"": 26}]"
SAROORNAGAR_INJAPUR,INJAPUR,found,17.34337,78.54685,circle (8 sections),6.37,6.37,Injapur,17.2994314,78.5852848,"Injapur, Abdullapurmet mandal, Ranga Reddy, Telangana, 501511, India",place,suburb,19.0,"[{""score"": 9.15, ""km_from_expected"": 6.15, ""query"": ""Injapur, Hyderabad"", ""lat"": 17.2994798, ""lon"": 78.5820956, ""name"": ""Injapur Bus Stop, Hyderabad - Nagarjuna Sagar Road, Teachers Colony, Gurramguda, Greater Hyderabad Municipal Corporation East Zone, Hyderabad, Balapur mandal, Ranga Reddy, Telangana, 501510, India"", ""category"": ""amenity"", ""type"": ""bus_station"", ""place_rank"": 30}, {""score"": 9.24, ""km_from_expected"": 6.24, ""query"": ""Injapur, Hyderabad"", ""lat"": 17.298741, ""lon"": 78.582542, ""name"": ""Injapur Bus Stop (Sagar Ring Road side), Hyderabad - Nagarjuna Sagar Road, Teachers Colony, Gurramguda, Greater Hyderabad Municipal Corporation East Zone, Hyderabad, Balapur mandal, Ranga Reddy, Telangana, 501510, India"", ""category"": ""amenity"", ""type"": ""bus_station"", ""place_rank"": 30}, {""score"": 9.5, ""km_from_expected"": 6.5, ""query"": ""Injapur, Hyderabad"", ""lat"": 17.3055148, ""lon"": 78.5934992, ""name"": ""Injapur - II, Bank Colony Road, Hayathnagar mandal, Greater Hyderabad Municipal Corporation East Zone, Hyderabad, Ranga Reddy, Telangana, 500070, India"", ""category"": ""amenity"", ""type"": ""childcare"", ""place_rank"": 30}, {""score"": 17.59, ""km_from_expected"": 9.59, ""query"": ""Injapur, Hyderabad"", ""lat"": 17.2673195, ""lon"": 78.5894413, ""name"": ""Hyderabad - Nagarjuna Sagar Road, Injapur, Abdullapurmet mandal, Ranga Reddy, Telangana, 501511, India"", ""category"": ""highway"", ""type"": ""primary"", ""place_rank"": 26}]"
SAROORNAGAR_LENIN_NAGAR,LENIN NAGAR,found,17.34146,78.51959,subdivision (2 sections),2.74,2.74,Lenin Nagar,17.3178569,78.5270997,"Lenin Nagar, Almasguda, Balapur mandal, Ranga Reddy, Telangana, 500097, India",place,neighbourhood,24.0,"[{""score"": 21.64, ""km_from_expected"": 21.64, ""query"": ""Lenin Nagar, Hyderabad"", ""lat"": 17.5132586, ""lon"": 78.4237774, ""name"": ""Lenin Nagar, Jagadgirigutta, Ward 126 Jagathgirigutta, Greater Hyderabad Municipal Corporation North Zone, Hyderabad, Quthbullapur mandal, Medchal\u2013Malkajgiri, Telangana, 500055, India"", ""category"": ""place"", ""type"": ""neighbourhood"", ""place_rank"": 24}]"
SAROORNAGAR_MEERPET,MEERPET,found,17.34146,78.51959,subdivision (2 sections),5.13,2.13,Meerpet,17.3233291,78.5260272,"Meerpet Road, Aditya Nagar, Karmanghat, Jillelaguda, Balapur mandal, Ranga Reddy, Telangana, 500097, India",highway,residential,26.0,"[{""score"": 5.24, ""km_from_expected"": 2.24, ""query"": ""Meerpet"", ""lat"": 17.322855, ""lon"": 78.5277216, ""name"": ""Meerpet Road, Sarvodaya Colony, Jillelaguda, Balapur mandal, Ranga Reddy, Telangana, 500097, India"", ""category"": ""highway"", ""type"": ""tertiary"", ""place_rank"": 26}, {""score"": 5.31, ""km_from_expected"": 2.31, ""query"": ""Meerpet"", ""lat"": 17.3227773, ""lon"": 78.529007, ""name"": ""Meerpet Road, Sarvodaya Colony, Jillelaguda, Balapur mandal, Ranga Reddy, Telangana, 500097, India"", ""category"": ""highway"", ""type"": ""residential"", ""place_rank"": 26}, {""score"": 5.31, ""km_from_expected"": 2.31, ""query"": ""Meerpet"", ""lat"": 17.3225164, ""lon"": 78.5284474, ""name"": ""Burjuarea govt building Meerpet - HUA(Basthi Dawakhana), Meerpet Road, Sarvodaya Colony, Jillelaguda, Balapur mandal, Ranga Reddy, Telangana, 500097, India"", ""category"": ""amenity"", ""type"": ""health_post"", ""place_rank"": 30}, {""score"": 5.5, ""km_from_expected"": 2.5, ""query"": ""Meerpet"", ""lat"": 17.322338, ""lon"": 78.5319055, ""name"": ""Meerpet Road, NBR Colony, Jillelaguda, Balapur mandal, Ranga Reddy, Telangana, 500097, India"", ""category"": ""highway"", ""type"": ""residential"", ""place_rank"": 26}]"
SAROORNAGAR_PEDDA_AMBERPET,PEDDA AMBERPET,found,17.33315,78.5776,subdivision (2 sections),9.7,6.7,"Pedda Amberpet, Hyderabad",17.3172848,78.6384505,"Pedda Amberpet - IV, Vijaywada Highway, Abdullapurmet mandal, Ranga Reddy, Telangana, 501505, India",amenity,childcare,30.0,"[{""score"": 9.95, ""km_from_expected"": 6.95, ""query"": ""Peddaamberpet, Hyderabad"", ""lat"": 17.3216517, ""lon"": 78.6419945, ""name"": ""SubCentre Peddaamberpet, Vijaywada Highway, Abdullapurmet mandal, Ranga Reddy, Telangana, 501505, India"", ""category"": ""amenity"", ""type"": ""health_post"", ""place_rank"": 30}, {""score"": 11.7, ""km_from_expected"": 8.7, ""query"": ""Pedda Amberpet"", ""lat"": 17.3201274, ""lon"": 78.658437, ""name"": ""Pedda Amberpet, Outer Ring Road, Abdullapurmet mandal, Ranga Reddy, Telangana, 501505, India"", ""category"": ""highway"", ""type"": ""motorway_junction"", ""place_rank"": 30}]"
SAROORNAGAR_RAMAKRISHNAPURAM,RAMAKRISHNAPURAM,found,17.34985,78.57273,division (5 sections),3.24,3.24,"RK Puram, Hyderabad",17.3679481,78.5487763,"RK Puram, Ward 20 RK Puram, Greater Hyderabad Municipal Corporation East Zone, Hyderabad, Saroornagar mandal, Ranga Reddy, Telangana, 500102, India",place,neighbourhood,24.0,"[{""score"": 14.4, ""km_from_expected"": 14.4, ""query"": ""Ramakrishnapuram, Hyderabad"", ""lat"": 17.4749782, ""lon"": 78.5376874, ""name"": ""Ramakrishnapuram, Neredmet, Ward 140 Malkajgiri, Greater Hyderabad Municipal Corporation North Zone, Hyderabad, Malkajgiri mandal, Medchal\u2013Malkajgiri, Telangana, 500056, India"", ""category"": ""place"", ""type"": ""neighbourhood"", ""place_rank"": 24}, {""score"": 17.62, ""km_from_expected"": 14.62, ""query"": ""Ramakrishnapuram, Hyderabad"", ""lat"": 17.4759436, ""lon"": 78.533629, ""name"": ""Ramakrishnapuram Cheruvu, Ward 136 Neredmet, Greater Hyderabad Municipal Corporation North Zone, Hyderabad, Malkajgiri mandal, Medchal\u2013Malkajgiri, Telangana, 500056, India"", ""category"": ""water"", ""type"": ""lake"", ""place_rank"": 20}, {""score"": 17.89, ""km_from_expected"": 14.89, ""query"": ""RK Puram, Hyderabad"", ""lat"": 17.4797152, ""lon"": 78.538316, ""name"": ""RK Puram, Madhura Nagar Rd No 2, Sri Colony, Neredmet, Ward 136 Neredmet, Greater Hyderabad Municipal Corporation North Zone, Hyderabad, Malkajgiri mandal, Medchal\u2013Malkajgiri, Telangana, 500056, India"", ""category"": ""amenity"", ""type"": ""childcare"", ""place_rank"": 30}]"
SAROORNAGAR_TURKAYAMZAL,TURKAYAMZAL,found,17.34337,78.54685,circle (8 sections),15.6,7.6,Turkayamjal,17.2877936,78.5885165,"Indiramma colony, khammaguda -Turkayamjal - HUA (Basthi Dawakhana), Street Number 8, Injapur, Abdullapurmet mandal, Ranga Reddy, Telangana, 501511, India",amenity,health_post,30.0,"[{""score"": 16.86, ""km_from_expected"": 8.86, ""query"": ""Turkayamjal"", ""lat"": 17.2691643, ""lon"": 78.5771279, ""name"": ""SubCentre, Turkayamjal, Turka Yamjal Road, Abdullapurmet mandal, Ranga Reddy, Telangana, 501505, India"", ""category"": ""healthcare"", ""type"": ""centre"", ""place_rank"": 30}]"
SAROORNAGAR_VANASTHALIPURAM,VANASTHALIPURAM,found,17.34216,78.52221,division (3 sections),5.06,5.06,"Vanasthalipuram, Hyderabad",17.3303179,78.568278,"Vanasthalipuram, Hayathnagar mandal, Greater Hyderabad Municipal Corporation East Zone, Hyderabad, Ranga Reddy, Telangana, 500070, India",place,suburb,19.0,"[{""score"": 8.49, ""km_from_expected"": 5.49, ""query"": ""Vanasthalipuram, Hyderabad"", ""lat"": 17.3365928, ""lon"": 78.5736125, ""name"": ""Vanasthalipuram, Vijaywada Highway, Prashanth Nagar, Vanasthalipuram, Hayathnagar mandal, Greater Hyderabad Municipal Corporation East Zone, Hyderabad, Ranga Reddy, Telangana, 500070, India"", ""category"": ""highway"", ""type"": ""bus_stop"", ""place_rank"": 30}, {""score"": 8.54, ""km_from_expected"": 5.54, ""query"": ""Vanasthalipuram, Hyderabad"", ""lat"": 17.33679, ""lon"": 78.5741408, ""name"": ""Vanasthalipuram, Vijaywada Highway, Indira Nagar, Chintalkunta, Hayathnagar mandal, Greater Hyderabad Municipal Corporation East Zone, Hyderabad, Ranga Reddy, Telangana, 500070, India"", ""category"": ""highway"", ""type"": ""bus_stop"", ""place_rank"": 30}, {""score"": 10.34, ""km_from_expected"": 2.34, ""query"": ""Vanasthalipuram, Champapet"", ""lat"": 17.3430331, ""lon"": 78.5442711, ""name"": ""Bairamalguda Road, Vijaynagar Colony, LB Nagar, Ward 18 Lingojiguda, Greater Hyderabad Municipal Corporation East Zone, Hyderabad, Saroornagar mandal, Ranga Reddy, Telangana, 500074, India"", ""category"": ""highway"", ""type"": ""primary"", ""place_rank"": 26}, {""score"": 12.95, ""km_from_expected"": 4.95, ""query"": ""Vanasthalipuram, Hyderabad"", ""lat"": 17.3384414, ""lon"": 78.5687124, ""name"": ""Panama, Vijaywada Highway, Vijayashree Colony, LB Nagar, Hayathnagar mandal, Greater Hyderabad Municipal Corporation East Zone, Hyderabad, Saroornagar mandal, Ranga Reddy, Telangana, 500963, India"", ""category"": ""highway"", ""type"": ""bus_stop"", ""place_rank"": 30}]"
SECUNDERABAD_BALANAGAR,BALANAGAR,found,17.44679,78.50886,circle (11 sections),9.64,6.64,"Balanagar, Hyderabad",17.465711,78.4495252,"Balanagar, Balanagar Cross Road, Idpl, Ward 120 Balanagar, Greater Hyderabad Municipal Corporation West Zone, Hyderabad, Balanagar mandal, Medchal–Malkajgiri, Telangana, 500071, India",craft,shoemaker,30.0,"[{""score"": 12.11, ""km_from_expected"": 4.11, ""query"": ""Balanagar, Bowenpally"", ""lat"": 17.4617293, ""lon"": 78.4733842, ""name"": ""Bowenpally, Old Airport Road, Vayu Nagar, Rasoolpura, Greater Hyderabad Municipal Corporation West Zone, Hyderabad, Tirumalagiri mandal, Hyderabad, Telangana, 500011, India"", ""category"": ""highway"", ""type"": ""bus_stop"", ""place_rank"": 30}, {""score"": 12.23, ""km_from_expected"": 4.23, ""query"": ""Balanagar, Bowenpally"", ""lat"": 17.4772245, ""lon"": 78.4849389, ""name"": ""Old Bowenpally Qabristan, Greater Hyderabad Municipal Corporation West Zone, Hyderabad, Balanagar mandal, Medchal\u2013Malkajgiri, Telangana, India"", ""category"": ""landuse"", ""type"": ""cemetery"", ""place_rank"": 24}, {""score"": 12.48, ""km_from_expected"": 4.48, ""query"": ""Balanagar, Bowenpally"", ""lat"": 17.4755371, ""lon"": 78.4792282, ""name"": ""Bowenpally, Hasmathpet bus stop road, HAL Colony, Greater Hyderabad Municipal Corporation West Zone, Hyderabad, Balanagar mandal, Medchal\u2013Malkajgiri, Telangana, 500015, India"", ""category"": ""leisure"", ""type"": ""pitch"", ""place_rank"": 30}, {""score"": 12.79, ""km_from_expected"": 9.79, ""query"": ""Balanagar, Hyderabad"", ""lat"": 17.4767602, ""lon"": 78.4221009, ""name"": ""Balanagar, Kukkatpally Main Road - Mumbai Highway, Sangeet Nagar, Ward 121 Kukatpally, Greater Hyderabad Municipal Corporation West Zone, Hyderabad, Kukatpally mandal, Medchal\u2013Malkajgiri, Telangana, 500047, India"", ""category"": ""railway"", ""type"": ""stop"", ""place_rank"": 30}]"
SECUNDERABAD_FEROZEGUDA,FEROZEGUDA,found,17.44679,78.50886,circle (11 sections),5.39,5.39,"Ferozguda, Hyderabad",17.4646179,78.4616333,"Ferozguda, Idpl, Ward 120 Balanagar, Greater Hyderabad Municipal Corporation West Zone, Hyderabad, Balanagar mandal, Medchal–Malkajgiri, Telangana, 500071, India",place,neighbourhood,24.0,"[{""score"": 8.53, ""km_from_expected"": 5.53, ""query"": ""Ferozguda, Hyderabad"", ""lat"": 17.4649039, ""lon"": 78.4602832, ""name"": ""Ferozguda, BHEL R & D Road, Ferozguda, Idpl, Ward 120 Balanagar, Greater Hyderabad Municipal Corporation West Zone, Hyderabad, Balanagar mandal, Medchal\u2013Malkajgiri, Telangana, 500071, India"", ""category"": ""railway"", ""type"": ""stop"", ""place_rank"": 30}]"
SECUNDERABAD_I_D_P_L,I.D.P.L.,found,17.44679,78.50886,circle (11 sections),7.13,7.13,"IDPL, Hyderabad",17.4806031,78.4517703,"Idpl, Ward 120 Balanagar, Greater Hyderabad Municipal Corporation West Zone, Hyderabad, Balanagar mandal, Medchal–Malkajgiri, Telangana, 500037, India",place,suburb,19.0,"[{""score"": 10.23, ""km_from_expected"": 7.23, ""query"": ""IDPL Colony, Hyderabad"", ""lat"": 17.4818905, ""lon"": 78.4514605, ""name"": ""idpl colony, Idpl, Ward 120 Balanagar, Greater Hyderabad Municipal Corporation West Zone, Hyderabad, Balanagar mandal, Medchal\u2013Malkajgiri, Telangana, 500037, India"", ""category"": ""highway"", ""type"": ""service"", ""place_rank"": 27}, {""score"": 10.28, ""km_from_expected"": 7.28, ""query"": ""IDPL Colony, Hyderabad"", ""lat"": 17.4831808, ""lon"": 78.451787, ""name"": ""IDPL Colony, Surya Nagar, Ward 131 Quthbullapur, Greater Hyderabad Municipal Corporation North Zone, Hyderabad, Quthbullapur mandal, Medchal\u2013Malkajgiri, Telangana, 500037, India"", ""category"": ""highway"", ""type"": ""service"", ""place_rank"": 27}, {""score"": 11.3, ""km_from_expected"": 6.3, ""query"": ""IDPL Township"", ""lat"": 17.4706202, ""lon"": 78.4549375, ""name"": ""HAL Township, Idpl, Ward 120 Balanagar, Greater Hyderabad Municipal Corporation West Zone, Hyderabad, Balanagar mandal, Medchal\u2013Malkajgiri, Telangana, 500071, India"", ""category"": ""place"", ""type"": ""neighbourhood"", ""place_rank"": 24}, {""score"": 11.33, ""km_from_expected"": 8.33, ""query"": ""IDPL, Hyderabad"", ""lat"": 17.474231, ""lon"": 78.4357575, ""name"": ""IDPL, Idpl, Ward 120 Balanagar, Greater Hyderabad Municipal Corporation West Zone, Hyderabad, Kukatpally mandal, Medchal\u2013Malkajgiri, Telangana, India"", ""category"": ""landuse"", ""type"": ""industrial"", ""place_rank"": 24}]"
SECUNDERABAD_LALBAZAR,LALBAZAR,found,17.50528,78.51626,subdivision (3 sections),2.77,2.77,"Lal Bazar, Hyderabad",17.4808081,78.5114174,"Lal Bazaar, Tirumalagiri, Tirumalagiri mandal, Hyderabad, Telangana, 500015, India",place,neighbourhood,24.0,"[{""score"": 5.69, ""km_from_expected"": 2.69, ""query"": ""Lal Bazar, Hyderabad"", ""lat"": 17.4811236, ""lon"": 78.515077, ""name"": ""Lal Bazar, Lal Bazaar, Tirumalagiri, Tirumalagiri mandal, Hyderabad, Telangana, 500056, India"", ""category"": ""highway"", ""type"": ""secondary"", ""place_rank"": 26}, {""score"": 5.94, ""km_from_expected"": 2.94, ""query"": ""Lal Bazar, Hyderabad"", ""lat"": 17.4790173, ""lon"": 78.5130087, ""name"": ""Lal Bazar, Lal Bazaar, Tirumalagiri, Tirumalagiri mandal, Hyderabad, Telangana, 500015, India"", ""category"": ""highway"", ""type"": ""secondary"", ""place_rank"": 26}, {""score"": 5.96, ""km_from_expected"": 2.96, ""query"": ""Lal Bazar, Hyderabad"", ""lat"": 17.4791338, ""lon"": 78.5107791, ""name"": ""Lal Bazar, Lal Bazaar, Tirumalagiri, Tirumalagiri mandal, Hyderabad, Telangana, 500015, India"", ""category"": ""highway"", ""type"": ""bus_stop"", ""place_rank"": 30}]"
SECUNDERABAD_MARREDPALLY,MARREDPALLY,found,17.46,78.50057,subdivision (2 sections),0.99,0.99,"Marredpally, Secunderabad",17.45121,78.5020964,"West Marredpally, Marredpally mandal, Secunderabad, Hyderabad, Telangana, 500003, India",place,neighbourhood,24.0,"[{""score"": 1.81, ""km_from_expected"": 1.81, ""query"": ""Marredpally, Secunderabad"", ""lat"": 17.4469418, ""lon"": 78.5107535, ""name"": ""East Marredpally, Marredpally mandal, Greater Hyderabad Municipal Corporation North Zone, Hyderabad, Telangana, 500026, India"", ""category"": ""place"", ""type"": ""neighbourhood"", ""place_rank"": 24}, {""score"": 4.82, ""km_from_expected"": 1.82, ""query"": ""Marredpally, Secunderabad"", ""lat"": 17.4464303, ""lon"": 78.5102024, ""name"": ""HMWSSB Marredpally, Marredpally mandal, Greater Hyderabad Municipal Corporation North Zone, Hyderabad, Telangana, 500026, India"", ""category"": ""landuse"", ""type"": ""government"", ""place_rank"": 24}, {""score"": 9.94, ""km_from_expected"": 1.94, ""query"": ""Marredpally, Secunderabad"", ""lat"": 17.4426227, ""lon"": 78.4989631, ""name"": ""YMCA Secunderabad, Marredpally mandal, Greater Hyderabad Municipal Corporation North Zone, Hyderabad, Telangana, India"", ""category"": ""landuse"", ""type"": ""recreation_ground"", ""place_rank"": 24}, {""score"": 10.67, ""km_from_expected"": 2.67, ""query"": ""Marredpally, Secunderabad"", ""lat"": 17.4359536, ""lon"": 78.5000501, ""name"": ""Secunderabad, Regimental Bazar Main Road, Marredpally mandal, Greater Hyderabad Municipal Corporation North Zone, Hyderabad, Telangana, 500025, India"", ""category"": ""amenity"", ""type"": ""bus_station"", ""place_rank"": 30}]"
SECUNDERABAD_OLD_BOWENPALLY,OLD BOWENPALLY,found,17.44679,78.50886,circle (11 sections),7.23,4.23,"Old Bowenpally, Hyderabad",17.4772245,78.4849389,"Old Bowenpally Qabristan, Greater Hyderabad Municipal Corporation West Zone, Hyderabad, Balanagar mandal, Medchal–Malkajgiri, Telangana, India",landuse,cemetery,24.0,"[{""score"": 7.6, ""km_from_expected"": 4.6, ""query"": ""Old Bowenpally, Hyderabad"", ""lat"": 17.4766303, ""lon"": 78.4788563, ""name"": ""Old Bowenpally Bus stop, Hasmathpet bus stop road, HAL Colony, Greater Hyderabad Municipal Corporation West Zone, Hyderabad, Balanagar mandal, Medchal\u2013Malkajgiri, Telangana, 500015, India"", ""category"": ""amenity"", ""type"": ""bus_station"", ""place_rank"": 30}, {""score"": 12.69, ""km_from_expected"": 4.69, ""query"": ""Old Bowenpally, Hyderabad"", ""lat"": 17.4777191, ""lon"": 78.4787375, ""name"": ""Government Homoeo Dispensary, Old Bowenpally, Hasmathpet bus stop road, HAL Colony, Greater Hyderabad Municipal Corporation West Zone, Hyderabad, Balanagar mandal, Hyderabad, Telangana, 500015, India"", ""category"": ""amenity"", ""type"": ""doctors"", ""place_rank"": 30}]"
SECUNDERABAD_RANGA_REDDY_NAGAR,RANGA REDDY NAGAR,found,17.44679,78.50886,circle (11 sections),13.85,8.85,Ranga Reddy Nagar,17.3688679,78.5256198,"Dilsukh Nagar, Ward 22 Chaitanyapuri, Greater Hyderabad Municipal Corporation East Zone, Hyderabad, Saroornagar mandal, Ranga Reddy, Telangana, 500035, India",place,suburb,19.0,"[{""score"": 15.34, ""km_from_expected"": 10.34, ""query"": ""Ranga Reddy Nagar"", ""lat"": 17.3564017, ""lon"": 78.5318948, ""name"": ""Saroor Nagar, Ward 19 Saroornagar, Greater Hyderabad Municipal Corporation East Zone, Hyderabad, Saroornagar mandal, Ranga Reddy, Telangana, 500035, India"", ""category"": ""place"", ""type"": ""suburb"", ""place_rank"": 19}, {""score"": 16.41, ""km_from_expected"": 8.41, ""query"": ""Ranga Reddy Nagar, Hyderabad"", ""lat"": 17.3712221, ""lon"": 78.5117444, ""name"": ""Vijaywada Highway, Saleem Nagar, Moosarambagh, Ward 25 Moosarambagh, Greater Hyderabad Municipal Corporation South Zone, Hyderabad, Saroornagar mandal, Ranga Reddy, Telangana, 500036, India"", ""category"": ""highway"", ""type"": ""trunk"", ""place_rank"": 26}, {""score"": 16.64, ""km_from_expected"": 11.64, ""query"": ""Ranga Reddy Nagar"", ""lat"": 17.3501617, ""lon"": 78.5510938, ""name"": ""LB Nagar, Ward 18 Lingojiguda, Greater Hyderabad Municipal Corporation East Zone, Hyderabad, Saroornagar mandal, Ranga Reddy, Telangana, 500074, India"", ""category"": ""place"", ""type"": ""suburb"", ""place_rank"": 19}, {""score"": 16.77, ""km_from_expected"": 8.77, ""query"": ""Ranga Reddy Nagar, Hyderabad"", ""lat"": 17.3695205, ""lon"": 78.5252643, ""name"": ""TGSRTC Bus Depot , Hyderabad - 1, Dilsukh Nagar, Ward 22 Chaitanyapuri, Greater Hyderabad Municipal Corporation East Zone, Hyderabad, Saroornagar mandal, Ranga Reddy, Telangana, India"", ""category"": ""landuse"", ""type"": ""industrial"", ""place_rank"": 24}]"
