section_id,circle,section,queries_tried,geocode_status,query_used,n_candidates,lat,lon,osm_name,osm_category,osm_type,osm_place_rank,osm_importance,other_candidates
BANJARA_HILLS_BANJARA_HILLS,BANJARA HILLS,BANJARA HILLS,1,found,"Banjara Hills, Hyderabad, Telangana",1.0,17.4177464,78.4399014,"Banjara Hills, Ward 92 Venkateshwara Colony, Greater Hyderabad Municipal Corporation Central Zone, Hyderabad, Shaikpet mandal, Hyderabad, Telangana, 500034, India",place,suburb,19.0,0.3834517876427295,[]
BANJARA_HILLS_BEGUMPET,BANJARA HILLS,BEGUMPET,1,found,"Begumpet, Hyderabad, Telangana",3.0,17.446195,78.463016,"Begumpet, Ward 149 Begumpet, Greater Hyderabad Municipal Corporation North Zone, Hyderabad, Balanagar mandal, Medchal–Malkajgiri, Telangana, 500133, India",place,suburb,19.0,0.3801813898984569,"[{""name"": ""Begumpet, brahmanwadi street number 1, Uma Nagar, Ameerpet, Ward 149 Begumpet, Greater Hyderabad Municipal Corporation North Zone, Hyderabad, Ameerpet mandal, Hyderabad, Telangana, 500133, India"", ""lat"": ""17.4386951"", ""lon"": ""78.4580969""}, {""name"": ""Begumpet, brahmanwadi street number 1, Uma Nagar, Ameerpet, Ward 149 Begumpet, Greater Hyderabad Municipal Corporation North Zone, Hyderabad, Ameerpet mandal, Hyderabad, Telangana, 500133, India"", ""lat"": ""17.4386323"", ""lon"": ""78.4580666""}]"
BANJARA_HILLS_BORABANDA,BANJARA HILLS,BORABANDA,1,found,"Borabanda, Hyderabad, Telangana",2.0,17.4590687,78.4078664,"Borabanda, Borabanda Railway station road, Allapur, Ward 116 Allapur, Greater Hyderabad Municipal Corporation West Zone, Hyderabad, Kukatpally mandal, Medchal–Malkajgiri, Telangana, 800081, India",railway,station,30.0,0.24930035976498935,"[{""name"": ""Borabanda, Ward 103 Borabanda, Greater Hyderabad Municipal Corporation Central Zone, Hyderabad, Balanagar mandal, Medchal\u2013Malkajgiri, Telangana, 500018, India"", ""lat"": ""17.4516700"", ""lon"": ""78.4154210""}]"
BANJARA_HILLS_ERRAGADDA,BANJARA HILLS,ERRAGADDA,1,found,"Erragadda, Hyderabad, Telangana",2.0,17.4487999,78.4356074,"Erragadda, Ward 101 Erragadda, Greater Hyderabad Municipal Corporation Central Zone, Hyderabad, Khairatabad mandal, Hyderabad, Telangana, 500018, India",place,suburb,19.0,0.36760675791195535,"[{""name"": ""Erragadda, Sanath Nagar Road, Sanath Nagar, Ward 100 Sanath Nagar, Greater Hyderabad Municipal Corporation Central Zone, Hyderabad, Balanagar mandal, Medchal\u2013Malkajgiri, Telangana, 500018, India"", ""lat"": ""17.4573276"", ""lon"": ""78.4334618""}]"
BANJARA_HILLS_FILM_NAGAR,BANJARA HILLS,FILM NAGAR,1,found,"Film Nagar, Hyderabad, Telangana",1.0,17.4140574,78.4105031,"Film Nagar, Navirman Nagar, Ward 95 Jubilee Hills, Greater Hyderabad Municipal Corporation Central Zone, Hyderabad, Shaikpet mandal, Hyderabad, Telangana, 500096, India",place,neighbourhood,24.0,0.3761123463663757,[]
BANJARA_HILLS_GREENLANDS,BANJARA HILLS,GREENLANDS,1,found,"Greenlands, Hyderabad, Telangana",3.0,17.4333179,78.4559618,"Greenlands Road, Kundanbagh, Ameerpet, Ward 98 Ameerpet, Greater Hyderabad Municipal Corporation Central Zone, Hyderabad, Ameerpet mandal, Hyderabad, Telangana, 500016, India",highway,primary,26.0,0.05340169604028378,"[{""name"": ""Greenlands Road, Nishat Bagh Colony, Somajiguda, Ward 97 Somajiguda, Greater Hyderabad Municipal Corporation Central Zone, Hyderabad, Khairatabad mandal, Hyderabad, Telangana, 500016, India"", ""lat"": ""17.4337701"", ""lon"": ""78.4555770""}, {""name"": ""Greenlands Road, Nishat Bagh Colony, Somajiguda, Ward 97 Somajiguda, Greater Hyderabad Municipal Corporation Central Zone, Hyderabad, Khairatabad mandal, Hyderabad, Telangana, 500082, India"", ""lat"": ""17.4303015"", ""lon"": ""78.4560806""}]"
BANJARA_HILLS_JUBILEE_HILLS,BANJARA HILLS,JUBILEE HILLS,1,found,"Jubilee Hills, Hyderabad, Telangana",1.0,17.4308362,78.4102882,"Jubilee Hills, Ward 95 Jubilee Hills, Greater Hyderabad Municipal Corporation Central Zone, Hyderabad, Shaikpet mandal, Hyderabad, Telangana, 500033, India",place,suburb,19.0,0.3811603398772719,[]
BANJARA_HILLS_MADHAPUR,BANJARA HILLS,MADHAPUR,1,found,"Madhapur, Hyderabad, Telangana",1.0,17.4408924,78.3916304,"Madhapur, Ward 104 Kondapur, Greater Hyderabad Municipal Corporation West Zone, Hyderabad, Serilingampalle mandal, Ranga Reddy, Telangana, 800081, India",place,suburb,19.0,0.3759021037005979,[]
BANJARA_HILLS_MOTHI_NAGAR,BANJARA HILLS,MOTHI NAGAR,1,found,"Mothi Nagar, Hyderabad, Telangana",2.0,17.4540242,78.4259114,"don bosco school, Erragadda, Mothi Nagar, Borabanda Mothinagar road, Panduranga Rao Colony, Moosapet, Ward 101 Erragadda, Greater Hyderabad Municipal Corporation Central Zone, Hyderabad, Balanagar mandal, Medchal–Malkajgiri, Telangana, 500018, India",office,educational_institution,30.0,6.836270695043896e-05,"[{""name"": ""Mothi Nagar Community Hall, Moti Nagar Main road, Panduranga Rao Colony, Moosapet, Ward 117 Moosapet, Greater Hyderabad Municipal Corporation West Zone, Hyderabad, Balanagar mandal, Medchal\u2013Malkajgiri, Telangana, 500018, India"", ""lat"": ""17.4547202"", ""lon"": ""78.4229318""}]"
BANJARA_HILLS_SANATHNAGAR,BANJARA HILLS,SANATHNAGAR,1,found,"Sanathnagar, Hyderabad, Telangana",2.0,17.4569654,78.4434781,"Sanathnagar Industrial Estate Park, Sanath Nagar, Ward 100 Sanath Nagar, Greater Hyderabad Municipal Corporation Central Zone, Hyderabad, Balanagar mandal, Medchal–Malkajgiri, Telangana, India",leisure,park,24.0,0.08006836270695046,"[{""name"": ""Sanathnagar Swimming Pool, SRT, Ward 100 Sanath Nagar, Fateh Nagar, Sanath Nagar, Ward 100 Sanath Nagar, Greater Hyderabad Municipal Corporation Central Zone, Hyderabad, Balanagar mandal, Medchal\u2013Malkajgiri, Telangana, 500042, India"", ""lat"": ""17.4542182"", ""lon"": ""78.4454956""}]"
BANJARA_HILLS_SANJEEV_REDDY_NAGAR,BANJARA HILLS,SANJEEV REDDY NAGAR,1,found,"Sanjeev Reddy Nagar, Hyderabad, Telangana",1.0,17.4400655,78.4456034,"Sanjeev Reddy Nagar Police Station, Street 6, Srinivas Nagar, SR Nagar, Ward 98 Ameerpet, Greater Hyderabad Municipal Corporation Central Zone, Hyderabad, Ameerpet mandal, Hyderabad, Telangana, 500038, India",amenity,police,30.0,6.836270695043896e-05,[]
BANJARA_HILLS_SRI_KRISHNA_NAGAR,BANJARA HILLS,SRI KRISHNA NAGAR,1,found,"Sri Krishna Nagar, Hyderabad, Telangana",1.0,17.5105245,78.4571841,"Sri Krishna Nagar, Pipe Line Road, IDA Jeedimetla, Ward 130 Subash Nagar, Greater Hyderabad Municipal Corporation North Zone, Hyderabad, Quthbullapur mandal, Medchal–Malkajgiri, Telangana, 500009, India",amenity,childcare,30.0,6.836270695043896e-05,[]
BANJARA_HILLS_YELLA_REDDY_GUDA,BANJARA HILLS,YELLA REDDY GUDA,1,found,"Yella Reddy Guda, Hyderabad, Telangana",2.0,17.4349108,78.4378621,"Global kids international school, Jaya Prakash Nagar, Imam Guda, Padala Ramareddy Colony, Yella Reddy Guda, Hyderabad, Telangana 500073, Jayaprakashnagar, Padala Ramareddy Colony, Ward 96 Yousufguda, Greater Hyderabad Municipal Corporation Central Zone, Hyderabad, Khairatabad mandal, Hyderabad, Telangana, 500073, India",amenity,university,30.0,6.836270695043896e-05,"[{""name"": ""Radiant High School, Sai Srinivasa Residency, opposite, Yella Reddy Guda Rd, Behind P.R.R.Law College, Imam Guda, Yella Reddy Guda, Hyderabad, Telangana 500073, Jayaprakashnagar, Padala Ramareddy Colony, Ward 96 Yousufguda, Greater Hyderabad Municipal Corporation Central Zone, Hyderabad, Khairatabad mandal, Hyderabad, Telangana, 500073, India"", ""lat"": ""17.4348241"", ""lon"": ""78.4396290""}]"
BANJARA_HILLS_YOUSUFGUDA,BANJARA HILLS,YOUSUFGUDA,1,found,"Yousufguda, Hyderabad, Telangana",1.0,17.4387499,78.4279866,"Yousufguda, Ward 99 Vengal Rao Nagar, Greater Hyderabad Municipal Corporation Central Zone, Hyderabad, Khairatabad mandal, Hyderabad, Telangana, 500045, India",place,suburb,19.0,0.1467350293736171,[]
CYBERCITY_ALLAPUR,CYBERCITY,ALLAPUR,1,found,"Allapur, Hyderabad, Telangana",2.0,17.4565793,78.4095538,"Allapur, Ward 116 Allapur, Greater Hyderabad Municipal Corporation West Zone, Hyderabad, Kukatpally mandal, Medchal–Malkajgiri, Telangana, 800081, India",place,neighbourhood,24.0,0.08006836270695046,"[{""name"": ""Ward 116 Allapur, Greater Hyderabad Municipal Corporation West Zone, Hyderabad, Kukatpally mandal, Medchal\u2013Malkajgiri, Telangana, India"", ""lat"": ""17.4636193"", ""lon"": ""78.3916896""}]"
CYBERCITY_BALAJI_NAGAR,CYBERCITY,BALAJI NAGAR,1,found,"Balaji Nagar, Hyderabad, Telangana",3.0,17.3839683,78.430958,"Balaji Nagar, Ward 71 Gudimalkapur, Greater Hyderabad Municipal Corporation Central Zone, Hyderabad, Asif Nagar mandal, Hyderabad, Telangana, 500264, India",place,neighbourhood,24.0,0.08006836270695046,"[{""name"": ""Balaji Nagar, Hayathnagar mandal, Greater Hyderabad Municipal Corporation East Zone, Hyderabad, Ranga Reddy, Telangana, 500097, India"", ""lat"": ""17.3267016"", ""lon"": ""78.5417555""}, {""name"": ""Balaji Nagar, KPHB Colony, Ward 115 Balaji Nagar, Greater Hyderabad Municipal Corporation West Zone, Hyderabad, Kukatpally mandal, Medchal\u2013Malkajgiri, Telangana, 500047, India"", ""lat"": ""17.4821906"", ""lon"": ""78.4096963""}]"
CYBERCITY_CHANDA_NAGAR,CYBERCITY,CHANDA NAGAR,1,found,"Chanda Nagar, Hyderabad, Telangana",3.0,17.4534764,78.3943669,"FinTown, 2 nd floor plot no-658, Survey of India Colony Chanda Naik Nagar, HITEC City, Ward 107 Madhapur, Greater Hyderabad Municipal Corporation West Zone, Hyderabad, Serilingampalle mandal, Ranga Reddy, Telangana, 500081, India",landuse,commercial,24.0,0.08006836270695046,"[{""name"": ""Chanda Nagar Police Station, Chandanagar - RC Puram BHEL Rd Mumbai Highway, Gowtami Nagar Colony, Ward 110 Chandanagar, Greater Hyderabad Municipal Corporation West Zone, Hyderabad, Serilingampalle mandal, Ranga Reddy, Telangana, 500050, India"", ""lat"": ""17.4962433"", ""lon"": ""78.3249086""}, {""name"": ""sharada vidyaniketan, 1764, Papireddy Nagar, Chanda Nagar, Hyderabad, Telangana 500050, Diamonds block walkway, Aarambh Township, Chandanagar, Lingampally, Greater Hyderabad Municipal Corporation West Zone, Hyderabad, Serilingampalle mandal, Ranga Reddy, Telangana, 500019, India"", ""lat"": ""17.4832930"", ""lon"": ""78.3300281""}]"
CYBERCITY_CHEVELLA,CYBERCITY,CHEVELLA,2,found,"Chevella, Telangana",1.0,17.3062296,78.1370079,"Chevella mandal, Ranga Reddy, Telangana, 501503, India",boundary,administrative,12.0,0.04539457909600718,[]
CYBERCITY_CHILKUR,CYBERCITY,CHILKUR,1,found,"Chilkur, Hyderabad, Telangana",1.0,17.4577733,78.3710193,"Chilkur Balaji Food Court, HITEC City–Kondapur Main Road, jubilee gardens, Kondapur, Ward 107 Madhapur, Greater Hyderabad Municipal Corporation West Zone, Hyderabad, Serilingampalle mandal, Ranga Reddy, Telangana, 500084, India",amenity,food_court,30.0,6.836270695043896e-05,[]
CYBERCITY_GACHIBOWLI,CYBERCITY,GACHIBOWLI,1,found,"Gachibowli, Hyderabad, Telangana",1.0,17.4436222,78.3519638,"Gachibowli, Greater Hyderabad Municipal Corporation West Zone, Hyderabad, Serilingampalle mandal, Ranga Reddy, Telangana, 500032, India",place,suburb,19.0,0.38382602028473783,[]
CYBERCITY_HAFEEZPET,CYBERCITY,HAFEEZPET,1,found,"Hafeezpet, Hyderabad, Telangana",1.0,17.4834409,78.3611316,"Hafeezpet, Ward 107 Madhapur, Greater Hyderabad Municipal Corporation West Zone, Hyderabad, Serilingampalle mandal, Ranga Reddy, Telangana, 500049, India",place,neighbourhood,24.0,0.36640063663752165,[]
CYBERCITY_IBRAHIMBAGH,CYBERCITY,IBRAHIMBAGH,1,found,"Ibrahimbagh, Hyderabad, Telangana",1.0,17.3767677,78.381442,"Ibrahimbagh Road, Ward 66 Langar Houz, Greater Hyderabad Municipal Corporation Central Zone, Hyderabad, Gandipet mandal, Ranga Reddy, Telangana, 500031, India",highway,residential,26.0,0.05340169604028378,[]
CYBERCITY_KONDAPUR,CYBERCITY,KONDAPUR,1,found,"Kondapur, Hyderabad, Telangana",1.0,17.4587912,78.3730556,"Kondapur, Ward 107 Madhapur, Greater Hyderabad Municipal Corporation West Zone, Hyderabad, Serilingampalle mandal, Ranga Reddy, Telangana, 500084, India",place,suburb,19.0,0.1467350293736171,[]
CYBERCITY_K_P_H_B_COLONY,CYBERCITY,K P H B COLONY,1,found,"K P H B Colony, Hyderabad, Telangana",1.0,17.4582681,78.5648135,"A.P.H.B Colony Main Road, Mangapuram Colony, Ward 4 Meerpet H.B Colony, Greater Hyderabad Municipal Corporation East Zone, Hyderabad, Uppal mandal, Medchal–Malkajgiri, Telangana, 500040, India",highway,tertiary,26.0,0.05340169604028378,[]
CYBERCITY_MOKILA,CYBERCITY,MOKILA,2,found,"Mokila, Telangana",1.0,17.4263216,78.1880987,"Mokila, Shankarpalle mandal, Ranga Reddy, Telangana, India",place,village,19.0,0.14670416800183103,[]
CYBERCITY_NALLAGANDLA,CYBERCITY,NALLAGANDLA,1,found,"Nallagandla, Hyderabad, Telangana",2.0,17.4774828,78.3060359,"Nallagandla, Chandanagar, Lingampally, Greater Hyderabad Municipal Corporation West Zone, Hyderabad, Serilingampalle mandal, Ranga Reddy, Telangana, 500019, India",place,neighbourhood,24.0,0.08006836270695046,"[{""name"": ""Nallagandla Chervu, Greater Hyderabad Municipal Corporation West Zone, Hyderabad, Serilingampalle mandal, Ranga Reddy, Telangana, India"", ""lat"": ""17.4689276"", ""lon"": ""78.3154189""}]"
CYBERCITY_NARSINGI,CYBERCITY,NARSINGI,2,found,"Narsingi, Telangana",1.0,17.3915187,78.3598924,"Narsingi, Manchirevula, Gandipet mandal, Ranga Reddy, Telangana, 500089, India",place,suburb,19.0,0.36760675791195535,[]
CYBERCITY_SHANKAR_PALLY,CYBERCITY,SHANKAR PALLY,2,not_found,,,,,,,,,,
CYBERCITY_TARANAGAR,CYBERCITY,TARANAGAR,1,found,"Taranagar, Hyderabad, Telangana",3.0,17.4926497,78.3184691,"Taranagar, Ward 110 Chandanagar, Greater Hyderabad Municipal Corporation West Zone, Hyderabad, Serilingampalle mandal, Ranga Reddy, Telangana, 500050, India",place,neighbourhood,24.0,0.08006836270695046,"[{""name"": ""Taranagar, Old Bombay Road, Sivaji Nagar, Ward 110 Chandanagar, Greater Hyderabad Municipal Corporation West Zone, Hyderabad, Serilingampalle mandal, Ranga Reddy, Telangana, 500019, India"", ""lat"": ""17.4895282"", ""lon"": ""78.3193095""}, {""name"": ""Taranagar, Tuljabhavani street, Taranagar, Chandanagar, Lingampally, Greater Hyderabad Municipal Corporation West Zone, Hyderabad, Serilingampalle mandal, Ranga Reddy, Telangana, 500019, India"", ""lat"": ""17.4904133"", ""lon"": ""78.3169547""}]"
CYBERCITY_VASANTH_NAGAR,CYBERCITY,VASANTH NAGAR,1,found,"Vasanth Nagar, Hyderabad, Telangana",1.0,17.4938648,78.3862078,"Vasanth Nagar, Ward 114 KPHB Colony, Greater Hyderabad Municipal Corporation West Zone, Hyderabad, Kukatpally mandal, Medchal–Malkajgiri, Telangana, 500085, India",place,neighbourhood,24.0,0.08006836270695046,[]
CYBERCITY_WHITE_FIELD,CYBERCITY,WHITE FIELD,3,found,"Whitefields Kondapur, Hyderabad, Telangana",1.0,17.4543363,78.36589,"Whitefields, Kothaguda, Ward 104 Kondapur, Greater Hyderabad Municipal Corporation West Zone, Hyderabad, Serilingampalle mandal, Ranga Reddy, Telangana, 500084, India",place,neighbourhood,24.0,0.08006836270695046,[]
HABSIGUDA_A_S_RAO_NAGAR,HABSIGUDA,A S RAO NAGAR,1,found,"A S Rao Nagar, Hyderabad, Telangana",1.0,17.4799497,78.5568336,"A.S. Rao Nagar, Sainikpuri-ECIL Main Road, Vijayapuri, Ward 2 Dr A S Rao Nagar, Greater Hyderabad Municipal Corporation East Zone, Hyderabad, Kapra mandal, Medchal–Malkajgiri, Telangana, 500062, India",highway,bus_stop,30.0,6.836270695043896e-05,[]
HABSIGUDA_BODUPPAL,HABSIGUDA,BODUPPAL,1,found,"Boduppal, Hyderabad, Telangana",3.0,17.3988408,78.5366218,"Boduppal-IV, Satyanarayana Swamy Temple Road, Nehru Nagar, Ward 9 Ramanthapur, Greater Hyderabad Municipal Corporation East Zone, Hyderabad, Uppal mandal, Medchal–Malkajgiri, Telangana, 500013, India",amenity,childcare,30.0,6.836270695043896e-05,"[{""name"": ""Bangaru Maisamma Temple, Boduppal, Near Municipalty Office, Boduppal Road, Sri Lakshmi Nagar Colony, Boduppal, Hyderabad, Medipally mandal, Medchal\u2013Malkajgiri, Telangana, 500092, India"", ""lat"": ""17.4206252"", ""lon"": ""78.5852335""}, {""name"": ""Municipality Office Boduppal, Bayyanna Nagar, Boduppal Road, Sri Lakshmi Nagar Colony, Boduppal, Hyderabad, Medipally mandal, Medchal\u2013Malkajgiri, Telangana, 500092, India"", ""lat"": ""17.4199886"", ""lon"": ""78.5846351""}]"
HABSIGUDA_CHERLAPALLY_I,HABSIGUDA,CHERLAPALLY-I,1,found,"Cherlapally-I, Hyderabad, Telangana",1.0,17.4687455,78.6024858,"Cherlapally, Ward 3 Cherlapally, Greater Hyderabad Municipal Corporation East Zone, Hyderabad, Kapra mandal, Medchal–Malkajgiri, Telangana, 500083, India",place,suburb,19.0,0.3678453393566702,[]
HABSIGUDA_CHERLAPALLY_II,HABSIGUDA,CHERLAPALLY-II,1,found,"Cherlapally-Ii, Hyderabad, Telangana",1.0,17.4687455,78.6024858,"Cherlapally, Ward 3 Cherlapally, Greater Hyderabad Municipal Corporation East Zone, Hyderabad, Kapra mandal, Medchal–Malkajgiri, Telangana, 500083, India",place,suburb,19.0,0.3678453393566702,[]
HABSIGUDA_CHILKANAGAR,HABSIGUDA,CHILKANAGAR,1,found,"Chilkanagar, Hyderabad, Telangana",3.0,17.4223943,78.5636233,"Chilkanagar Main Road, Dharmapuri Colony, Uppal, Ward 7 Chilka Nagar, Greater Hyderabad Municipal Corporation East Zone, Hyderabad, Uppal mandal, Medchal–Malkajgiri, Telangana, 500039, India",highway,secondary,26.0,0.05340169604028378,"[{""name"": ""Chilkanagar Main Road, Beerappaguda, Ward 10 Uppal, Greater Hyderabad Municipal Corporation East Zone, Hyderabad, Uppal mandal, Medchal\u2013Malkajgiri, Telangana, 500039, India"", ""lat"": ""17.4061835"", ""lon"": ""78.5645628""}, {""name"": ""Chilkanagar-II (Ward no-7), Chilkanagar Main Road, Dharmapuri Colony, Uppal, Ward 7 Chilka Nagar, Greater Hyderabad Municipal Corporation East Zone, Hyderabad, Uppal mandal, Medchal\u2013Malkajgiri, Telangana, 500039, India"", ""lat"": ""17.4204471"", ""lon"": ""78.5619450""}]"
HABSIGUDA_GHATKESAR,HABSIGUDA,GHATKESAR,2,found,"Ghatkesar, Telangana",1.0,17.4510837,78.6843022,"Ghatkesar mandal, Medchal–Malkajgiri, Telangana, India",boundary,administrative,12.0,0.37441119788714866,[]
HABSIGUDA_HABSIGUDA,HABSIGUDA,HABSIGUDA,1,found,"Habsiguda, Hyderabad, Telangana",2.0,17.4154761,78.5426918,"Habsiguda, Ward 8 Habsiguda, Greater Hyderabad Municipal Corporation East Zone, Hyderabad, Uppal mandal, Medchal–Malkajgiri, Telangana, 500007, India",place,suburb,19.0,0.3668857539234569,"[{""name"": ""Habsiguda, Habsiguda Main Road, Kakatiya Nagar, Habsiguda, Ward 8 Habsiguda, Greater Hyderabad Municipal Corporation East Zone, Hyderabad, Uppal mandal, Medchal\u2013Malkajgiri, Telangana, 500007, India"", ""lat"": ""17.4201800"", ""lon"": ""78.5405480""}]"
HABSIGUDA_KEESARA,HABSIGUDA,KEESARA,2,found,"Keesara, Telangana",1.0,17.5249309,78.6665345,"Keesara, Keesara mandal, Medchal–Malkajgiri, Telangana, 501303, India",place,town,18.0,0.3697233328141787,[]
HABSIGUDA_KUSHAIGUDA,HABSIGUDA,KUSHAIGUDA,1,found,"Kushaiguda, Hyderabad, Telangana",1.0,17.4825451,78.5726444,"Kushaiguda, Ward 3 Cherlapally, Greater Hyderabad Municipal Corporation East Zone, Hyderabad, Kapra mandal, Medchal–Malkajgiri, Telangana, 500062, India",place,suburb,19.0,0.3649233439058235,[]
HABSIGUDA_MALKAJGIRI,HABSIGUDA,MALKAJGIRI,1,found,"Malkajgiri, Hyderabad, Telangana",2.0,17.4511764,78.5368997,"Malkajgiri, Hyderabad, Malkajgiri mandal, Medchal–Malkajgiri, Telangana, 500017, India",place,town,18.0,0.16006836270695046,"[{""name"": ""Malkajgiri, street number 16, Mallikarjuna Nagar, Ward 141 Gautham Nagar, Greater Hyderabad Municipal Corporation North Zone, Hyderabad, Malkajgiri mandal, Medchal\u2013Malkajgiri, Telangana, 500017, India"", ""lat"": ""17.4483438"", ""lon"": ""78.5289727""}]"
HABSIGUDA_MALLAPUR,HABSIGUDA,MALLAPUR,1,found,"Mallapur, Hyderabad, Telangana",1.0,17.4405369,78.5788551,"Mallapur, Ward 5 Mallapur, Greater Hyderabad Municipal Corporation East Zone, Hyderabad, Uppal mandal, Medchal–Malkajgiri, Telangana, 500076, India",place,neighbourhood,24.0,0.32221217881594816,[]
HABSIGUDA_MEDIPALLY,HABSIGUDA,MEDIPALLY,1,found,"Medipally, Hyderabad, Telangana",1.0,17.4158985,78.6018454,"Shanthi Vanam Medipally Park, Medpally, Chengicherla, Medipally mandal, Hyderabad, Telangana, 500098, India",leisure,park,24.0,0.08005369878690773,[]
HABSIGUDA_MOULAALI,HABSIGUDA,MOULAALI,3,found,"Moula Ali, Hyderabad, Telangana",2.0,17.46171,78.5571396,"Moula Ali, Ward 138 Moula Ali, Greater Hyderabad Municipal Corporation North Zone, Hyderabad, Malkajgiri mandal, Medchal–Malkajgiri, Telangana, 500040, India",place,suburb,19.0,0.1467350293736171,"[{""name"": ""Moula Ali, Maula Ali Flyover, Ambedkar Nagar, Ward 139 East Anand Bagh, Greater Hyderabad Municipal Corporation North Zone, Hyderabad, Malkajgiri mandal, Medchal\u2013Malkajgiri, Telangana, 500076, India"", ""lat"": ""17.4407394"", ""lon"": ""78.5506697""}]"
HABSIGUDA_NACHARAM,HABSIGUDA,NACHARAM,1,found,"Nacharam, Hyderabad, Telangana",1.0,17.4284936,78.5528098,"Nacharam, Ward 6 Nacharam, Greater Hyderabad Municipal Corporation East Zone, Hyderabad, Uppal mandal, Medchal–Malkajgiri, Telangana, 500076, India",place,suburb,19.0,0.1467350293736171,[]
HABSIGUDA_NAGARAM,HABSIGUDA,NAGARAM,1,found,"Nagaram, Hyderabad, Telangana",1.0,17.4910113,78.613677,"Nagaram sarpanch house, Rampally Main Road, Nagaram, Hyderabad, Keesara mandal, Medchal–Malkajgiri, Telangana, 500083, India",building,house,30.0,5.36987869077137e-05,[]
HABSIGUDA_NARAPALLY,HABSIGUDA,NARAPALLY,1,found,"Narapally, Hyderabad, Telangana",2.0,17.4249113,78.6202968,"Narapally - ii, Hyderabad-Janagam Highway, Peerzadiguda, Ghatkesar mandal, Medipally mandal, Medchal–Malkajgiri, Telangana, 500098, India",amenity,childcare,30.0,5.36987869077137e-05,"[{""name"": ""Narapally - I, Hyderabad-Janagam Highway, Peerzadiguda, Ghatkesar mandal, Medipally mandal, Medchal\u2013Malkajgiri, Telangana, 500098, India"", ""lat"": ""17.4176115"", ""lon"": ""78.6266559""}]"
HABSIGUDA_NEREDMET,HABSIGUDA,NEREDMET,1,found,"Neredmet, Hyderabad, Telangana",3.0,17.470446,78.5360054,"Neredmet, Ward 140 Malkajgiri, Greater Hyderabad Municipal Corporation North Zone, Hyderabad, Malkajgiri mandal, Medchal–Malkajgiri, Telangana, 500056, India",place,suburb,19.0,0.1467350293736171,"[{""name"": ""Neredmet, Malkajagiri Road, Kakatiya Nagar, Safilguda, Ward 136 Neredmet, Greater Hyderabad Municipal Corporation North Zone, Hyderabad, Malkajgiri mandal, Medchal\u2013Malkajgiri, Telangana, 500056, India"", ""lat"": ""17.4780888"", ""lon"": ""78.5366517""}, {""name"": ""Neredmet, Malkajgiri - Neredmet Road, Ramakrishnapuram, Neredmet, Ward 140 Malkajgiri, Greater Hyderabad Municipal Corporation North Zone, Hyderabad, Malkajgiri mandal, Medchal\u2013Malkajgiri, Telangana, 500056, India"", ""lat"": ""17.4723112"", ""lon"": ""78.5387358""}]"
HABSIGUDA_PEERJADIGUDA,HABSIGUDA,PEERJADIGUDA,1,found,"Peerjadiguda, Hyderabad, Telangana",1.0,17.4078747,78.6022666,"Urban Primary Health Centre, Peerjadiguda, Hyderabad-Janagam Highway, Boduppal, Chengicherla, Medipally mandal, Medchal–Malkajgiri, Telangana, 500098, India",amenity,clinic,30.0,5.36987869077137e-05,[]
HABSIGUDA_RAMANTHAPUR,HABSIGUDA,RAMANTHAPUR,1,found,"Ramanthapur, Hyderabad, Telangana",3.0,17.3885044,78.5371677,"Ward 9 Ramanthapur, Greater Hyderabad Municipal Corporation East Zone, Hyderabad, Uppal mandal, Medchal–Malkajgiri, Telangana, India",boundary,administrative,20.0,0.1334016960402838,"[{""name"": ""ramanthapur lake, Habsiguda, Ward 8 Habsiguda, Greater Hyderabad Municipal Corporation East Zone, Hyderabad, Uppal mandal, Medchal\u2013Malkajgiri, Telangana, India"", ""lat"": ""17.4018585"", ""lon"": ""78.5403825""}, {""name"": ""Ramanthapur Cheruvu, Habsiguda, Ward 8 Habsiguda, Greater Hyderabad Municipal Corporation East Zone, Hyderabad, Uppal mandal, Medchal\u2013Malkajgiri, Telangana, India"", ""lat"": ""17.4016390"", ""lon"": ""78.5403749""}]"
HABSIGUDA_SAINIKPURI,HABSIGUDA,SAINIKPURI,1,found,"Sainikpuri, Hyderabad, Telangana",1.0,17.4892154,78.5424889,"Sainikpuri, Ward 1 Kapra, Greater Hyderabad Municipal Corporation East Zone, Hyderabad, Kapra mandal, Medchal–Malkajgiri, Telangana, 500094, India",place,suburb,19.0,0.1467350293736171,[]
HABSIGUDA_UPPAL,HABSIGUDA,UPPAL,1,found,"Uppal, Hyderabad, Telangana",2.0,17.4025091,78.5612562,"Uppal, Ward 7 Chilka Nagar, Greater Hyderabad Municipal Corporation East Zone, Hyderabad, Uppal mandal, Medchal–Malkajgiri, Telangana, 500039, India",place,suburb,19.0,0.37694663196902717,"[{""name"": ""Uppal, Inner Ring Road, Saraswati Colony, Ward 10 Uppal, Greater Hyderabad Municipal Corporation East Zone, Hyderabad, Uppal mandal, Medchal\u2013Malkajgiri, Telangana, 500039, India"", ""lat"": ""17.4001610"", ""lon"": ""78.5601834""}]"
HABSIGUDA_UPPAL_BAGAYATH,HABSIGUDA,UPPAL BAGAYATH,4,not_found,,,,,,,,,,
HABSIGUDA_YAPRAL,HABSIGUDA,YAPRAL,1,found,"Yapral, Hyderabad, Telangana",1.0,17.5030543,78.5407976,"Yapral, Ward 136 Neredmet, Greater Hyderabad Municipal Corporation North Zone, Hyderabad, Alwal mandal, Medchal–Malkajgiri, Telangana, 500094, India",place,suburb,19.0,0.3656661556590361,[]
HYDERABAD_CENTRAL_ABIDS,HYDERABAD CENTRAL,ABIDS,1,found,"Abids, Hyderabad, Telangana",1.0,17.3894783,78.477182,"Abids, Ward 77 Jambagh, Greater Hyderabad Municipal Corporation Central Zone, Hyderabad, Nampally mandal, Hyderabad, Telangana, 500095, India",place,suburb,19.0,0.37154897114460894,[]
HYDERABAD_CENTRAL_AMBERPET,HYDERABAD CENTRAL,AMBERPET,1,found,"Amberpet, Hyderabad, Telangana",3.0,17.3861776,78.5114709,"Amberpet mandal, Hyderabad, Telangana, India",boundary,administrative,12.0,0.3694915076724792,"[{""name"": ""Ward 83 Amberpet, Greater Hyderabad Municipal Corporation Central Zone, Hyderabad, Amberpet mandal, Hyderabad, Telangana, 500013, India"", ""lat"": ""17.3856990"", ""lon"": ""78.5218948""}, {""name"": ""Ward 84 Bagh Amberpet, Greater Hyderabad Municipal Corporation Central Zone, Hyderabad, Amberpet mandal, Hyderabad, Telangana, 353535, India"", ""lat"": ""17.3978928"", ""lon"": ""78.5175088""}]"
HYDERABAD_CENTRAL_GOLCONDA,HYDERABAD CENTRAL,GOLCONDA,1,found,"Golconda, Hyderabad, Telangana",2.0,17.3873294,78.4057336,"Golconda, Ward 67 Golconda, Greater Hyderabad Municipal Corporation Central Zone, Hyderabad, Golconda mandal, Hyderabad, Telangana, 500008, India",place,suburb,19.0,0.1467350293736171,"[{""name"": ""Golconda mandal, Hyderabad, Telangana, 500048, India"", ""lat"": ""17.3823146"", ""lon"": ""78.4120254""}]"
HYDERABAD_CENTRAL_GOLNAKA,HYDERABAD CENTRAL,GOLNAKA,1,found,"Golnaka, Hyderabad, Telangana",2.0,17.3901064,78.5083605,"Golnaka, Ward 82 Golnaka, Greater Hyderabad Municipal Corporation Central Zone, Hyderabad, Amberpet mandal, Hyderabad, Telangana, 500044, India",place,neighbourhood,24.0,0.08006836270695046,"[{""name"": ""Ward 82 Golnaka, Greater Hyderabad Municipal Corporation Central Zone, Hyderabad, Amberpet mandal, Hyderabad, Telangana, India"", ""lat"": ""17.3867837"", ""lon"": ""78.5072175""}]"
HYDERABAD_CENTRAL_GUNFOUNDRY,HYDERABAD CENTRAL,GUNFOUNDRY,1,found,"Gunfoundry, Hyderabad, Telangana",3.0,17.3936441,78.4756654,"Ward 78 Gunfoundry, Greater Hyderabad Municipal Corporation Central Zone, Hyderabad, Nampally mandal, Hyderabad, Telangana, India",boundary,administrative,20.0,0.1334016960402838,"[{""name"": ""Gunfoundry Street Number 3, Gun Foundry, Ward 78 Gunfoundry, Greater Hyderabad Municipal Corporation Central Zone, Hyderabad, Nampally mandal, Hyderabad, Telangana, 500001, India"", ""lat"": ""17.3947505"", ""lon"": ""78.4777361""}, {""name"": ""Gunfoundry Street Number 5, Gun Foundry, Ward 78 Gunfoundry, Greater Hyderabad Municipal Corporation Central Zone, Hyderabad, Nampally mandal, Hyderabad, Telangana, 500001, India"", ""lat"": ""17.3946220"", ""lon"": ""78.4792206""}]"
HYDERABAD_CENTRAL_HIMAYAT_NAGAR,HYDERABAD CENTRAL,HIMAYAT NAGAR,1,found,"Himayat Nagar, Hyderabad, Telangana",1.0,17.4039678,78.483456,"Himayat Nagar, Ward 79 Himayath Nagar, Greater Hyderabad Municipal Corporation Central Zone, Hyderabad, Himayatnagar mandal, Hyderabad, Telangana, 500029, India",place,suburb,19.0,0.36902538090653614,[]
HYDERABAD_CENTRAL_KAVADIGUDA,HYDERABAD CENTRAL,KAVADIGUDA,1,found,"Kavadiguda, Hyderabad, Telangana",1.0,17.4227022,78.4917695,"Kavadiguda, Ward 90 Kavadiguda, Greater Hyderabad Municipal Corporation Central Zone, Hyderabad, Musheerabad mandal, Hyderabad, Telangana, 500080, India",place,suburb,19.0,0.1467350293736171,[]
HYDERABAD_CENTRAL_LANGER_HOUSE,HYDERABAD CENTRAL,LANGER HOUSE,1,found,"Langer House, Hyderabad, Telangana",1.0,17.37331,78.41387,"ICICI Bank Langer House, Hyderabad - Branch & ATM, NH163, Reddy Colony, Golconda, Ward 66 Langar Houz, Greater Hyderabad Municipal Corporation Central Zone, Hyderabad, Golconda mandal, Hyderabad, Telangana, 500008, India",amenity,bank,30.0,6.836270695043896e-05,[]
HYDERABAD_CENTRAL_RETHI_BOWLI,HYDERABAD CENTRAL,RETHI BOWLI,2,not_found,,,,,,,,,,
HYDERABAD_CENTRAL_SAIFABAD,HYDERABAD CENTRAL,SAIFABAD,1,found,"Saifabad, Hyderabad, Telangana",1.0,17.4047878,78.4658367,"Saifabad, Ward 91 Khairatabad, Greater Hyderabad Municipal Corporation Central Zone, Hyderabad, Khairatabad mandal, Hyderabad, Telangana, 500004, India",place,suburb,19.0,0.1467350293736171,[]
HYDERABAD_CENTRAL_SHAIKPET,HYDERABAD CENTRAL,SHAIKPET,1,found,"Shaikpet, Hyderabad, Telangana",2.0,17.4057955,78.4006536,"Shaikpet, Ward 94 Shaikpet, Greater Hyderabad Municipal Corporation Central Zone, Hyderabad, Shaikpet mandal, Hyderabad, Telangana, 500110, India",place,suburb,19.0,0.1467350293736171,"[{""name"": ""Shaikpet mandal, Hyderabad, Telangana, India"", ""lat"": ""17.4134056"", ""lon"": ""78.4275478""}]"
HYDERABAD_CENTRAL_SHANKARMUTT,HYDERABAD CENTRAL,SHANKARMUTT,2,not_found,,,,,,,,,,
HYDERABAD_CENTRAL_SOMAJIGUDA,HYDERABAD CENTRAL,SOMAJIGUDA,1,found,"Somajiguda, Hyderabad, Telangana",1.0,17.4255053,78.4585197,"Somajiguda, Ward 97 Somajiguda, Greater Hyderabad Municipal Corporation Central Zone, Hyderabad, Khairatabad mandal, Hyderabad, Telangana, 500082, India",place,suburb,19.0,0.3699543402288119,[]
HYDERABAD_CENTRAL_SURYANAGAR,HYDERABAD CENTRAL,SURYANAGAR,1,found,"Suryanagar, Hyderabad, Telangana",3.0,17.444727,78.5773972,"Suryanagar, FCI Godown Road, Chandrapuri Colony, Ward 5 Mallapur, Greater Hyderabad Municipal Corporation East Zone, Hyderabad, Uppal mandal, Medchal–Malkajgiri, Telangana, 500076, India",amenity,childcare,30.0,6.836270695043896e-05,"[{""name"": ""Suryanagar (ward no-23), Surya Nagar Colony Road, Macha Bolarum, Bolarum, Ward 133 Macha Bolarum, Greater Hyderabad Municipal Corporation North Zone, Hyderabad, Alwal mandal, Medchal\u2013Malkajgiri, Telangana, 500100, India"", ""lat"": ""17.5158639"", ""lon"": ""78.5060770""}, {""name"": ""SuryaNagar Colony Road, Saraswati Colony, Ward 10 Uppal, Greater Hyderabad Municipal Corporation East Zone, Hyderabad, Uppal mandal, Medchal\u2013Malkajgiri, Telangana, 500060, India"", ""lat"": ""17.3933139"", ""lon"": ""78.5610005""}]"
HYDERABAD_CENTRAL_VIJAYA_NAGAR_COLONY,HYDERABAD CENTRAL,VIJAYA NAGAR COLONY,1,found,"Vijaya Nagar Colony, Hyderabad, Telangana",1.0,17.3304768,78.5768552,"vijaya fancy store, S.No, 24, Kamala Nagar Rd, Huda Sai Nagar Colony, Hyderabad, Telangana 500070, Raithu Bazar Road, Raithu Bazar, Vanasthalipuram, Ward 13 Hayath Nagar, Greater Hyderabad Municipal Corporation East Zone, Hyderabad, Ranga Reddy, Telangana, 500070, India",shop,fashion_accessories,30.0,6.836270695043896e-05,[]
HYDERABAD_SOUTH_ATTAPUR,HYDERABAD SOUTH,ATTAPUR,1,found,"Attapur, Hyderabad, Telangana",2.0,17.3672244,78.4307278,"Attapur, Ward 61 Attapur, Greater Hyderabad Municipal Corporation South Zone, Hyderabad, Rajendranagar mandal, Ranga Reddy, Telangana, 500048, India",place,suburb,19.0,0.1467350293736171,"[{""name"": ""Attapur, Old Mumbai Highway, Anand Nagar, Chandanagar, Lingampally, Greater Hyderabad Municipal Corporation West Zone, Hyderabad, Serilingampalle mandal, Ranga Reddy, Telangana, 500019, India"", ""lat"": ""17.4807899"", ""lon"": ""78.3224815""}]"
HYDERABAD_SOUTH_CHANCHALGUDA,HYDERABAD SOUTH,CHANCHALGUDA,1,found,"Chanchalguda, Hyderabad, Telangana",1.0,17.3673732,78.4965799,"Chanchalguda, Ward 29 Chawni, Greater Hyderabad Municipal Corporation South Zone, Hyderabad, Charminar mandal, Hyderabad, Telangana, 500024, India",place,neighbourhood,24.0,0.36712697163315744,[]
HYDERABAD_SOUTH_CHANDRAYANA_GUTTA,HYDERABAD SOUTH,CHANDRAYANA GUTTA,2,not_found,,,,,,,,,,
HYDERABAD_SOUTH_CHATRINAKA,HYDERABAD SOUTH,CHATRINAKA,1,found,"Chatrinaka, Hyderabad, Telangana",1.0,17.3420099,78.4777649,"Chatrinaka, Ward 45 Jangammet, Greater Hyderabad Municipal Corporation South Zone, Hyderabad, Bandlaguda mandal, Hyderabad, Telangana, 500065, India",place,neighbourhood,24.0,0.08006836270695046,[]
HYDERABAD_SOUTH_CHUDI_BAZAR,HYDERABAD SOUTH,CHUDI BAZAR,1,found,"Chudi Bazar, Hyderabad, Telangana",2.0,17.3738134,78.4647791,"Chudi Bazaar, Begum Bazaar, Ward 50 Begum Bazar, Greater Hyderabad Municipal Corporation Central Zone, Hyderabad, Nampally mandal, Hyderabad, Telangana, 500002, India",place,neighbourhood,24.0,0.08006836270695046,"[{""name"": ""Chudi Bazar, \u0645\u0633\u0644\u0645 \u062c\u0646\u06af \u067e\u0644\u06d4, Goshamahal, Ward 51 Goshamahal, Greater Hyderabad Municipal Corporation Central Zone, Hyderabad, Nampally mandal, Hyderabad, Telangana, 500002, India"", ""lat"": ""17.3708409"", ""lon"": ""78.4676899""}]"
HYDERABAD_SOUTH_DATTATREYA_COLONY,HYDERABAD SOUTH,DATTATREYA COLONY,1,found,"Dattatreya Colony, Hyderabad, Telangana",1.0,17.5110985,78.4052903,"Dattatreya Colony, Gajularamaram, Ward 124 Alwyn Colony, Greater Hyderabad Municipal Corporation West Zone, Hyderabad, Quthbullapur mandal, Medchal–Malkajgiri, Telangana, 501002, India",place,neighbourhood,24.0,0.08006836270695046,[]
HYDERABAD_SOUTH_FALAKNUMA,HYDERABAD SOUTH,FALAKNUMA,1,found,"Falaknuma, Hyderabad, Telangana",2.0,17.3326604,78.4751984,"Falaknuma, Quadri chaman road, Jangamet, Ward 45 Jangammet, Greater Hyderabad Municipal Corporation South Zone, Hyderabad, Bandlaguda mandal, Hyderabad, Telangana, 500065, India",railway,station,30.0,0.2562004762132184,"[{""name"": ""Falaknuma, Ward 46 Falaknuma, Greater Hyderabad Municipal Corporation South Zone, Hyderabad, Bandlaguda mandal, Hyderabad, Telangana, 500005, India"", ""lat"": ""17.3336530"", ""lon"": ""78.4677481""}]"
HYDERABAD_SOUTH_HUSSAINI_ALAM,HYDERABAD SOUTH,HUSSAINI ALAM,1,found,"Hussaini Alam, Hyderabad, Telangana",1.0,17.361886,78.4667506,"Hussaini Alam, Ward 52 Puranapool, Greater Hyderabad Municipal Corporation South Zone, Hyderabad, Bahadurpura mandal, Hyderabad, Telangana, 500064, India",place,suburb,19.0,0.1467350293736171,[]
HYDERABAD_SOUTH_KARWAN,HYDERABAD SOUTH,KARWAN,1,found,"Karwan, Hyderabad, Telangana",3.0,17.376013,78.4331894,"Ward 65 Karwan, Greater Hyderabad Municipal Corporation Central Zone, Hyderabad, Asif Nagar mandal, Hyderabad, Telangana, India",boundary,administrative,20.0,0.1334016960402838,"[{""name"": ""Karwan Sahu, Ward 65 Karwan, Greater Hyderabad Municipal Corporation Central Zone, Hyderabad, Asif Nagar mandal, Hyderabad, Telangana, 500264, India"", ""lat"": ""17.3734894"", ""lon"": ""78.4412105""}, {""name"": ""Karwan road, Tappa Chabutara, Ward 71 Gudimalkapur, Greater Hyderabad Municipal Corporation Central Zone, Hyderabad, Asif Nagar mandal, Hyderabad, Telangana, 500264, India"", ""lat"": ""17.3771163"", ""lon"": ""78.4426492""}]"
HYDERABAD_SOUTH_KISHANBAGH,HYDERABAD SOUTH,KISHANBAGH,1,found,"Kishanbagh, Hyderabad, Telangana",1.0,17.3608327,78.4427483,"Ward 56 Kishanbagh, Greater Hyderabad Municipal Corporation South Zone, Hyderabad, Bahadurpura mandal, Hyderabad, Telangana, India",boundary,administrative,20.0,0.1334016960402838,[]
HYDERABAD_SOUTH_MOGHAL_PURA,HYDERABAD SOUTH,MOGHAL PURA,2,not_found,,,,,,,,,,
HYDERABAD_SOUTH_PUTLI_BOWLI,HYDERABAD SOUTH,PUTLI BOWLI,2,not_found,,,,,,,,,,
HYDERABAD_SOUTH_SAIDABAD,HYDERABAD SOUTH,SAIDABAD,1,found,"Saidabad, Hyderabad, Telangana",1.0,17.359533,78.5147979,"Saidabad mandal, Hyderabad, Telangana, 500059, India",boundary,administrative,12.0,0.11734328469919902,[]
HYDERABAD_SOUTH_SANTOSHNAGAR,HYDERABAD SOUTH,SANTOSHNAGAR,1,found,"Santoshnagar, Hyderabad, Telangana",1.0,17.3467185,78.5081947,"Santoshnagar, Santosh Nagar Main ROad, Sanjeevaiah Nagar, Ward 39 Santhosh Nagar, Greater Hyderabad Municipal Corporation South Zone, Hyderabad, Saroornagar mandal, Ranga Reddy, Telangana, 500059, India",highway,bus_stop,30.0,6.836270695043896e-05,[]
HYDERABAD_SOUTH_TROOP_BAZAR,HYDERABAD SOUTH,TROOP BAZAR,1,found,"Troop Bazar, Hyderabad, Telangana",1.0,17.3849929,78.4785324,"Troop Bazaar, Abids, Ward 77 Jambagh, Greater Hyderabad Municipal Corporation Central Zone, Hyderabad, Nampally mandal, Hyderabad, Telangana, 500095, India",place,neighbourhood,24.0,0.08006836270695046,[]
MEDCHAL_ALIABAD,MEDCHAL,ALIABAD,1,found,"Aliabad, Hyderabad, Telangana",1.0,17.34563,78.4726799,"Aliabad, Ward 48 Shah Ali Banda, Greater Hyderabad Municipal Corporation South Zone, Hyderabad, Bahadurpura mandal, Hyderabad, Telangana, 500065, India",place,suburb,19.0,0.1467350293736171,[]
MEDCHAL_ALLWYN_COLONY,MEDCHAL,ALLWYN COLONY,1,found,"Allwyn Colony, Hyderabad, Telangana",3.0,17.5043618,78.4149849,"Allwyn Colony, Ward 124 Alwyn Colony, Greater Hyderabad Municipal Corporation West Zone, Hyderabad, Kukatpally mandal, Medchal–Malkajgiri, Telangana, 500047, India",place,neighbourhood,24.0,0.08006836270695046,"[{""name"": ""Allwyn Colony, Madinaguda, Ward 109 Hafeezpet, Greater Hyderabad Municipal Corporation West Zone, Hyderabad, Serilingampalle mandal, Ranga Reddy, Telangana, 500049, India"", ""lat"": ""17.4920354"", ""lon"": ""78.3499531""}, {""name"": ""Allwyn colony, Patancheru, Ward 113 Patancheruvu, Greater Hyderabad Municipal Corporation West Zone, Hyderabad, Patancheruvu mandal, Sangareddy, Telangana, 502319, India"", ""lat"": ""17.5354735"", ""lon"": ""78.2801030""}]"
MEDCHAL_BACHUPALLY,MEDCHAL,BACHUPALLY,1,found,"Bachupally, Hyderabad, Telangana",1.0,17.536648,78.3644736,"akashra junior college, bachupally, Nizampet Road, Nizampet, Bachupally mandal, Hyderabad, Medchal–Malkajgiri, Telangana, 500090, India",office,educational_institution,30.0,4.207446402681037e-05,[]
MEDCHAL_BHAGYA_NAGAR,MEDCHAL,BHAGYA NAGAR,1,found,"Bhagya Nagar, Hyderabad, Telangana",1.0,17.3452888,78.5332108,"Bhagya Nagar Colony, LB Nagar, Ward 18 Lingojiguda, Greater Hyderabad Municipal Corporation East Zone, Hyderabad, Saroornagar mandal, Ranga Reddy, Telangana, 500079, India",place,neighbourhood,24.0,0.08006836270695046,[]
MEDCHAL_BOWRAMPET,MEDCHAL,BOWRAMPET,2,found,"Bowrampet, Telangana",2.0,17.5610356,78.3982185,"Bowrampet, Dundigal mandal, Medchal–Malkajgiri, Telangana, 500090, India",place,suburb,19.0,0.1467087411306935,"[{""name"": ""bowrampet, Medak Road, Bowrampet, Dundigal mandal, Medchal\u2013Malkajgiri, Telangana, 500043, India"", ""lat"": ""17.5615155"", ""lon"": ""78.4032321""}]"
MEDCHAL_D_P_PALLY,MEDCHAL,D P PALLY,4,found,"Dulapally, Telangana",1.0,17.5467126,78.4668466,"dulapally, Doolapally Road, Doolapally, Dundigal mandal, Medchal–Malkajgiri, Telangana, 500014, India",highway,bus_stop,30.0,5.36987869077137e-05,[]
MEDCHAL_GAJULARAMARAM,MEDCHAL,GAJULARAMARAM,1,found,"Gajularamaram, Hyderabad, Telangana",1.0,17.5271759,78.4200077,"Gajularamaram, Ward 125 Gajularamaram, Greater Hyderabad Municipal Corporation North Zone, Hyderabad, Quthbullapur mandal, Medchal–Malkajgiri, Telangana, 500055, India",place,suburb,19.0,0.1467350293736171,[]
MEDCHAL_GUNDLAPOCHAMPALLY,MEDCHAL,GUNDLAPOCHAMPALLY,2,found,"Gundlapochampally, Telangana",1.0,17.568913,78.480271,"gundlapochampally, Avenue 18, Doolapally, Medchal mandal, Medchal–Malkajgiri, Telangana, 500014, India",highway,bus_stop,30.0,5.36987869077137e-05,[]
MEDCHAL_HYDERNAGAR,MEDCHAL,HYDERNAGAR,1,found,"Hydernagar, Hyderabad, Telangana",2.0,17.4984629,78.3819018,"Hydernagar, Ward 114 KPHB Colony, Greater Hyderabad Municipal Corporation West Zone, Hyderabad, Kukatpally mandal, Medchal–Malkajgiri, Telangana, 500085, India",place,neighbourhood,24.0,0.08006836270695046,"[{""name"": ""Ward 123 Hydernagar, Greater Hyderabad Municipal Corporation West Zone, Hyderabad, Kukatpally mandal, Medchal\u2013Malkajgiri, Telangana, India"", ""lat"": ""17.5029098"", ""lon"": ""78.3880899""}]"
MEDCHAL_JAGADGIRI_GUTTA,MEDCHAL,JAGADGIRI GUTTA,2,not_found,,,,,,,,,,
MEDCHAL_JEEDIMETLA_IDA,MEDCHAL,JEEDIMETLA(IDA),1,found,"Jeedimetla(Ida), Hyderabad, Telangana",1.0,17.5204106,78.4514486,"IDA Jeedimetla, Ward 130 Subash Nagar, Greater Hyderabad Municipal Corporation North Zone, Hyderabad, Quthbullapur mandal, Medchal–Malkajgiri, Telangana, India",landuse,industrial,24.0,0.08006836270695046,[]
MEDCHAL_KOMPALLY,MEDCHAL,KOMPALLY,1,found,"Kompally, Hyderabad, Telangana",3.0,17.5398444,78.5000154,"Bolarum to Kompally Road, Ward 133 Macha Bolarum, Greater Hyderabad Municipal Corporation North Zone, Hyderabad, Dundigal mandal, Medchal–Malkajgiri, Telangana, 500100, India",highway,secondary,26.0,0.053387032120241054,"[{""name"": ""Bolarum to Kompally Road, Brindavan Colony, Bolarum, Ward 133 Macha Bolarum, Greater Hyderabad Municipal Corporation North Zone, Hyderabad, Alwal mandal, Medchal\u2013Malkajgiri, Telangana, 500100, India"", ""lat"": ""17.5354868"", ""lon"": ""78.5096979""}, {""name"": ""Kompally tanda, Nizamabad Road, Caton Residential Township, Jeedimetla Village, Ward 132 Jeedimetla, Greater Hyderabad Municipal Corporation North Zone, Hyderabad, Quthbullapur mandal, Medchal\u2013Malkajgiri, Telangana, 500100, India"", ""lat"": ""17.5282237"", ""lon"": ""78.4762932""}]"
MEDCHAL_KUKATPALLY,MEDCHAL,KUKATPALLY,1,found,"Kukatpally, Hyderabad, Telangana",2.0,17.4930841,78.4054408,"Kukatpally, Ward 122 Vivekananda Nagar Colony, Greater Hyderabad Municipal Corporation West Zone, Hyderabad, Kukatpally mandal, Medchal–Malkajgiri, Telangana, 500072, India",place,suburb,19.0,0.37978567549726355,"[{""name"": ""Kukatpally, Kukkatpally Main Road - Mumbai Highway, Sumitra Nagar, Kukatpally, Ward 122 Vivekananda Nagar Colony, Greater Hyderabad Municipal Corporation West Zone, Hyderabad, Kukatpally mandal, Medchal\u2013Malkajgiri, Telangana, 500047, India"", ""lat"": ""17.4850883"", ""lon"": ""78.4116380""}]"
MEDCHAL_MEDCHAL_RURAL,MEDCHAL,MEDCHAL RURAL,3,found,"Medchal, Hyderabad, Telangana",3.0,17.5381982,78.4009122,"Telangana Weaker Section Apartments - Dignity Homes, Ward 125 Gajularamaram, Greater Hyderabad Municipal Corporation North Zone, Hyderabad, Quthbullapur mandal, Medchal–Malkajgiri, Telangana, India",landuse,residential,24.0,0.08006836270695046,"[{""name"": ""TS Grammar High School, Srinivaspuram, Ramanthapur, Opposite T.V. Studio Lane, Hyderabad, Telangana 500013, Street Number 3, Srinivasapuram Colony, Ward 8 Habsiguda, Greater Hyderabad Municipal Corporation East Zone, Hyderabad, Uppal mandal, Medchal\u2013Malkajgiri, Telangana, 500013, India"", ""lat"": ""17.3875962"", ""lon"": ""78.5309909""}, {""name"": ""Vaishnavi Olympiad School, Ganesh Nagar, Ramanthapur, Amberpet, Hyderabad, Telangana 500013, 2nd Cross B Road, Gokhale Nagar, Ward 8 Habsiguda, Greater Hyderabad Municipal Corporation East Zone, Hyderabad, Uppal mandal, Medchal\u2013Malkajgiri, Telangana, 500013, India"", ""lat"": ""17.3953573"", ""lon"": ""78.5305516""}]"
MEDCHAL_MEDCHAL_TOWN,MEDCHAL,MEDCHAL TOWN,3,found,"Medchal, Hyderabad, Telangana",3.0,17.5381982,78.4009122,"Telangana Weaker Section Apartments - Dignity Homes, Ward 125 Gajularamaram, Greater Hyderabad Municipal Corporation North Zone, Hyderabad, Quthbullapur mandal, Medchal–Malkajgiri, Telangana, India",landuse,residential,24.0,0.08006836270695046,"[{""name"": ""TS Grammar High School, Srinivaspuram, Ramanthapur, Opposite T.V. Studio Lane, Hyderabad, Telangana 500013, Street Number 3, Srinivasapuram Colony, Ward 8 Habsiguda, Greater Hyderabad Municipal Corporation East Zone, Hyderabad, Uppal mandal, Medchal\u2013Malkajgiri, Telangana, 500013, India"", ""lat"": ""17.3875962"", ""lon"": ""78.5309909""}, {""name"": ""Vaishnavi Olympiad School, Ganesh Nagar, Ramanthapur, Amberpet, Hyderabad, Telangana 500013, 2nd Cross B Road, Gokhale Nagar, Ward 8 Habsiguda, Greater Hyderabad Municipal Corporation East Zone, Hyderabad, Uppal mandal, Medchal\u2013Malkajgiri, Telangana, 500013, India"", ""lat"": ""17.3953573"", ""lon"": ""78.5305516""}]"
MEDCHAL_MIYAPUR,MEDCHAL,MIYAPUR,1,found,"Miyapur, Hyderabad, Telangana",2.0,17.4981608,78.3567628,"Miyapur, Ward 108 Miyapur, Greater Hyderabad Municipal Corporation West Zone, Hyderabad, Serilingampalle mandal, Ranga Reddy, Telangana, 500049, India",place,suburb,19.0,0.38584692642506985,"[{""name"": ""Miyapur, Nizampet - Miyapur Road Mumbai Highway, Miyapur, Ward 108 Miyapur, Greater Hyderabad Municipal Corporation West Zone, Hyderabad, Serilingampalle mandal, Ranga Reddy, Telangana, 500049, India"", ""lat"": ""17.4965392"", ""lon"": ""78.3730252""}]"
MEDCHAL_NIZAMPET,MEDCHAL,NIZAMPET,1,found,"Nizampet, Hyderabad, Telangana",3.0,17.498552,78.3796744,"Nizampet - Miyapur Road Mumbai Highway, Vasantha Nagar, Satavahana Nagar, Ward 123 Hydernagar, Greater Hyderabad Municipal Corporation West Zone, Hyderabad, Kukatpally mandal, Medchal–Malkajgiri, Telangana, 500085, India",highway,trunk,26.0,0.05340169604028378,"[{""name"": ""Nizampet - JNTU Road Mumbai Highway, Vasantha Nagar, Satavahana Nagar, Ward 123 Hydernagar, Greater Hyderabad Municipal Corporation West Zone, Hyderabad, Kukatpally mandal, Medchal\u2013Malkajgiri, Telangana, 500085, India"", ""lat"": ""17.4977568"", ""lon"": ""78.3923874""}, {""name"": ""Nizampet - Miyapur Road Mumbai Highway, Hydernagar, Ward 114 KPHB Colony, Greater Hyderabad Municipal Corporation West Zone, Hyderabad, Kukatpally mandal, Medchal\u2013Malkajgiri, Telangana, 500085, India"", ""lat"": ""17.4990321"", ""lon"": ""78.3851955""}]"
MEDCHAL_PETBASHEERABAD,MEDCHAL,PETBASHEERABAD,3,found,"Pet Basheerabad, Hyderabad, Telangana",3.0,17.513919,78.4806686,"Pet Basheerabad - III, Nizamabad Road, PET Bashirabad, Jeedimetla Village, Ward 132 Jeedimetla, Greater Hyderabad Municipal Corporation North Zone, Hyderabad, Quthbullapur mandal, Medchal–Malkajgiri, Telangana, 500100, India",amenity,childcare,30.0,6.836270695043896e-05,"[{""name"": ""Pet Basheerabad - II, green park main road, Green Park, Jeedimetla Village, Ward 132 Jeedimetla, Greater Hyderabad Municipal Corporation North Zone, Hyderabad, Quthbullapur mandal, Medchal\u2013Malkajgiri, Telangana, 500009, India"", ""lat"": ""17.5085181"", ""lon"": ""78.4756918""}, {""name"": ""Pet Basheerabad - I, green park main road, Green Park, Jeedimetla Village, Ward 132 Jeedimetla, Greater Hyderabad Municipal Corporation North Zone, Hyderabad, Quthbullapur mandal, Medchal\u2013Malkajgiri, Telangana, 500009, India"", ""lat"": ""17.5091957"", ""lon"": ""78.4763691""}]"
MEDCHAL_PRAGATHI_NAGAR,MEDCHAL,PRAGATHI NAGAR,1,found,"Pragathi Nagar, Hyderabad, Telangana",2.0,17.5200154,78.3968876,"Pragathi Nagar, Bachupally mandal, Greater Hyderabad Municipal Corporation North Zone, Hyderabad, Medchal–Malkajgiri, Telangana, 501002, India",place,suburb,19.0,0.1467203654535744,"[{""name"": ""Pragathi Nagar, Ward 12 Mansoorabad, Greater Hyderabad Municipal Corporation East Zone, Hyderabad, Ranga Reddy, Telangana, 501505, India"", ""lat"": ""17.3346560"", ""lon"": ""78.6077549""}]"
MEDCHAL_QUTHBULLAPUR,MEDCHAL,QUTHBULLAPUR,1,found,"Quthbullapur, Hyderabad, Telangana",3.0,17.4966655,78.4606445,"Ward 131 Quthbullapur, Greater Hyderabad Municipal Corporation North Zone, Hyderabad, Quthbullapur mandal, Medchal–Malkajgiri, Telangana, India",boundary,administrative,20.0,0.1334016960402838,"[{""name"": ""Quthbullapur Main Road, Venkateswara Nagar, Ward 131 Quthbullapur, Greater Hyderabad Municipal Corporation North Zone, Hyderabad, Quthbullapur mandal, Medchal\u2013Malkajgiri, Telangana, 500009, India"", ""lat"": ""17.5021489"", ""lon"": ""78.4546187""}, {""name"": ""Quthbullapur Main Road, Ayodhya Nagar, Qutubullapur, Ward 132 Jeedimetla, Greater Hyderabad Municipal Corporation North Zone, Hyderabad, Quthbullapur mandal, Medchal\u2013Malkajgiri, Telangana, 500009, India"", ""lat"": ""17.5045122"", ""lon"": ""78.4587452""}]"
MEDCHAL_SHAMEERPET,MEDCHAL,SHAMEERPET,2,found,"Shameerpet, Telangana",3.0,17.5944116,78.5749818,"Shameerpet-I, SH1, Upparapalle, Shamirpet mandal, Medchal–Malkajgiri, Telangana, 500078, India",amenity,childcare,30.0,3.750133516437045e-05,"[{""name"": ""Shameerpet-III, SH1, Upparapalle, Shamirpet mandal, Medchal\u2013Malkajgiri, Telangana, 500078, India"", ""lat"": ""17.5945227"", ""lon"": ""78.5710755""}, {""name"": ""Shameerpet 2, NH365B, Bachannapet, Jangoan mandal, Jangaon, Telangana, 506221, India"", ""lat"": ""17.7364666"", ""lon"": ""79.1360758""}]"
MEDCHAL_SHAPURNAGAR,MEDCHAL,SHAPURNAGAR,2,not_found,,,,,,,,,,
MEDCHAL_VEMANA_COLONY,MEDCHAL,VEMANA COLONY,1,found,"Vemana Colony, Hyderabad, Telangana",1.0,17.4871275,78.3236067,"Vemana colony, Lingampally-Huda Colony Road, Sivaji Nagar, Ward 110 Chandanagar, Greater Hyderabad Municipal Corporation West Zone, Hyderabad, Serilingampalle mandal, Ranga Reddy, Telangana, 500019, India",amenity,childcare,30.0,6.836270695043896e-05,[]
RAJENDRA_NAGAR_AMANGAL,RAJENDRA NAGAR,AMANGAL,2,found,"Amangal, Telangana",1.0,16.8497797,78.5325679,"Amangal, Amangal mandal, Ranga Reddy, Telangana, 509321, India",place,town,18.0,0.16004000076295108,[]
RAJENDRA_NAGAR_BALAPUR,RAJENDRA NAGAR,BALAPUR,1,found,"Balapur, Hyderabad, Telangana",3.0,17.3055067,78.5042041,"HMWSSB - Balapur, RCI road, Sri Chaitanya Homes, Barkas, Greater Hyderabad Municipal Corporation East Zone, Balapur, Balapur mandal, Ranga Reddy, Telangana, 500021, India",office,government,30.0,5.36987869077137e-05,"[{""name"": ""Balapur subcentre building Badangpet - HUA(Basthi Dawakhana), RCI road, Sri Chaitanya Homes, Barkas, Greater Hyderabad Municipal Corporation East Zone, Balapur, Balapur mandal, Ranga Reddy, Telangana, 500021, India"", ""lat"": ""17.3075210"", ""lon"": ""78.5053298""}, {""name"": ""Balapur - II, RCI road, Sri Chaitanya Homes, Barkas, Greater Hyderabad Municipal Corporation East Zone, Balapur, Balapur mandal, Ranga Reddy, Telangana, 500021, India"", ""lat"": ""17.3085041"", ""lon"": ""78.5052949""}]"
RAJENDRA_NAGAR_GAGANPAHAD,RAJENDRA NAGAR,GAGANPAHAD,1,found,"Gaganpahad, Hyderabad, Telangana",3.0,17.3549315,78.4785127,"Gaganpahad, Rajendra Nagar (Basthi Dawakhana), Darul Shifa Road, Murad Mahal Colony, Ward 33 Moghalpura, Greater Hyderabad Municipal Corporation South Zone, Hyderabad, Charminar mandal, Hyderabad, Telangana, 500065, India",amenity,health_post,30.0,6.836270695043896e-05,"[{""name"": ""Gaganpahad-I, Flyover, Gagan Pahad, Ward 59 Mailardevpally, Greater Hyderabad Municipal Corporation South Zone, Hyderabad, Rajendranagar mandal, Ranga Reddy, Telangana, 500077, India"", ""lat"": ""17.2990973"", ""lon"": ""78.4169614""}, {""name"": ""Gaganpahad-II, NH44, Gagan Pahad, Ward 59 Mailardevpally, Greater Hyderabad Municipal Corporation South Zone, Hyderabad, Rajendranagar mandal, Ranga Reddy, Telangana, 500077, India"", ""lat"": ""17.2959988"", ""lon"": ""78.4192928""}]"
RAJENDRA_NAGAR_HIMAYAT_SAGAR,RAJENDRA NAGAR,HIMAYAT SAGAR,2,found,"Himayat Sagar, Telangana",2.0,17.3135573,78.3572056,"Himayat Sagar, Nagireddyguda, Moinabad mandal, Ranga Reddy, Telangana, 500058, India",water,lake,20.0,0.3626429788867404,"[{""name"": ""Himayat Sagar, Moinabad mandal, Ranga Reddy, Telangana, India"", ""lat"": ""17.2822726"", ""lon"": ""78.3612566""}]"
RAJENDRA_NAGAR_KADTHAL,RAJENDRA NAGAR,KADTHAL,2,found,"Kadthal, Telangana",2.0,16.9847566,78.4997445,"Kadthal, Kadthal mandal, Ranga Reddy, Telangana, 509358, India",place,town,18.0,0.07194870560319186,"[{""name"": ""Kadthal mandal, Ranga Reddy, Telangana, 509358, India"", ""lat"": ""16.9535872"", ""lon"": ""78.5097313""}]"
RAJENDRA_NAGAR_KANDUKUR,RAJENDRA NAGAR,KANDUKUR,2,found,"Kandukur, Telangana",2.0,17.0643848,78.489005,"Kandukur, Kandukur mandal, Ranga Reddy, Telangana, India",place,village,19.0,0.14670416800183103,"[{""name"": ""Kandukur mandal, Ranga Reddy, Telangana, India"", ""lat"": ""17.0812901"", ""lon"": ""78.5019684""}]"
RAJENDRA_NAGAR_KATEDAN,RAJENDRA NAGAR,KATEDAN,1,found,"Katedan, Hyderabad, Telangana",1.0,17.3026835,78.4398207,"Katedan, Ward 59 Mailardevpally, Greater Hyderabad Municipal Corporation South Zone, Hyderabad, Rajendranagar mandal, Ranga Reddy, Telangana, 500077, India",place,suburb,19.0,0.1467350293736171,[]
RAJENDRA_NAGAR_KISMATPUR,RAJENDRA NAGAR,KISMATPUR,1,found,"Kismatpur, Hyderabad, Telangana",3.0,17.3316182,78.4033571,"Kismatpur Rd, Sai Krishna Colony, Budvel, Ward 60 Rajendra Nagar, Greater Hyderabad Municipal Corporation South Zone, Hyderabad, Rajendranagar mandal, Ranga Reddy, Telangana, 500030, India",highway,tertiary,26.0,0.05340169604028378,"[{""name"": ""Kismatpur Road, Sai Baba Nagar Colony, Ward 60 Rajendra Nagar, Greater Hyderabad Municipal Corporation South Zone, Kismatpur, Gandipet mandal, Ranga Reddy, Telangana, 500086, India"", ""lat"": ""17.3342353"", ""lon"": ""78.3895809""}, {""name"": ""Maisamma Devalayam, Kismatpur Village, Kismatpur Road, Sai Baba Nagar Colony, Ward 60 Rajendra Nagar, Greater Hyderabad Municipal Corporation South Zone, Kismatpur, Gandipet mandal, Ranga Reddy, Telangana, 500086, India"", ""lat"": ""17.3336888"", ""lon"": ""78.3938925""}]"
RAJENDRA_NAGAR_KOTHUR,RAJENDRA NAGAR,KOTHUR,1,found,"Kothur, Hyderabad, Telangana",1.0,17.1438391,78.262652,"IDA Kothur, Old NH 7 Hyderabad Road, Mohinuddin Guda (U.I), Nandigama, Nandigama mandal, Ranga Reddy, Telangana, 509228, India",amenity,childcare,30.0,3.750133516437045e-05,[]
RAJENDRA_NAGAR_MAHESHWARAM,RAJENDRA NAGAR,MAHESHWARAM,1,found,"Maheshwaram, Hyderabad, Telangana",1.0,17.3158544,78.4828417,"Maheshwaram Lines, Ward 42 Barkas, Greater Hyderabad Municipal Corporation South Zone, Hyderabad, Bandlaguda mandal, Hyderabad, Telangana, 500005, India",place,neighbourhood,24.0,0.08006836270695046,[]
RAJENDRA_NAGAR_MD_PALLY,RAJENDRA NAGAR,MD PALLY,2,found,"Md Pally, Telangana",2.0,16.5874288,78.0085945,"MD Husain Pally-2, NH44, Moosapet, Moosapet mandal, Mahabubnagar, Telangana, India",amenity,childcare,30.0,4.0000762951049326e-05,"[{""name"": ""MD Husain Pally-1, NH44, Moosapet, Moosapet mandal, Mahabubnagar, Telangana, India"", ""lat"": ""16.5876039"", ""lon"": ""78.0075018""}]"
RAJENDRA_NAGAR_NANDIGAMA,RAJENDRA NAGAR,NANDIGAMA,1,found,"Nandigama, Hyderabad, Telangana",1.0,17.1174082,78.2486496,"Nandigama police station, Old NH 7 Hyderabad Road, Mohinuddin Guda (U.I), Chandrayanguda, Nandigama mandal, Ranga Reddy, Telangana, 509216, India",amenity,police,30.0,3.750133516437045e-05,[]
RAJENDRA_NAGAR_PAHADISHARIFF,RAJENDRA NAGAR,PAHADISHARIFF,4,found,"Pahadi Shareef, Telangana",2.0,17.2677334,78.4715471,"Pahadi Shareef Dargah, Pahadi Sharif, Balapur mandal, Ranga Reddy, Telangana, India",place,locality,25.0,0.04539457909600718,"[{""name"": ""SubCentre, Pahadi Shareef, Pahadi Shareef, Balapur mandal, Ranga Reddy, Telangana, 500005, India"", ""lat"": ""17.2711602"", ""lon"": ""78.4725134""}]"
RAJENDRA_NAGAR_RAJENDERNAGAR,RAJENDRA NAGAR,RAJENDERNAGAR,1,found,"Rajendernagar, Hyderabad, Telangana",1.0,17.3592197,78.4440413,"Panduranganagar, Rajendernagar (Basthi Dawakhana), Zoo Park Main Road, Kundetiguda, Ward 56 Kishanbagh, Greater Hyderabad Municipal Corporation South Zone, Hyderabad, Bahadurpura mandal, Hyderabad, Telangana, 500064, India",amenity,health_post,30.0,6.836270695043896e-05,[]
RAJENDRA_NAGAR_SHADNAGAR_RURAL,RAJENDRA NAGAR,SHADNAGAR RURAL,3,found,"Shadnagar, Hyderabad, Telangana",3.0,17.0943572,78.2091059,"Shadnagar Sub Station, Old NH 7 Hyderabad Road, Shadnagar, Farooqnagar mandal, Ranga Reddy, Telangana, 509216, India",building,substation,30.0,3.750133516437045e-05,"[{""name"": ""Shadnagar 14, Old NH 7 Hyderabad Road, Shadnagar, Farooqnagar mandal, Ranga Reddy, Telangana, 509216, India"", ""lat"": ""17.0784896"", ""lon"": ""78.2031982""}, {""name"": ""SubCentre, Shadnagar(A), Old NH 7 Hyderabad Road, Shadnagar, Farooqnagar mandal, Ranga Reddy, Telangana, 509216, India"", ""lat"": ""17.0713335"", ""lon"": ""78.2051843""}]"
RAJENDRA_NAGAR_SHAMSHABAD,RAJENDRA NAGAR,SHAMSHABAD,1,found,"Shamshabad, Hyderabad, Telangana",3.0,17.2950515,78.3641547,"79W7+4M7, Kothwalguda, Telangana, Shamshabad, Hyderabad, Moinabad mandal, Ranga Reddy, Telangana, 501218, India",amenity,grave_yard,30.0,5.5001907377691576e-05,"[{""name"": ""Sri Sita Rama Chandra Swami Temple, 784W+V4G, Nagarguda - Shamshabad Rd, Near Rajeev Gandhi International Airport, Shamshabad, Ammapalle, Telangana, Nethaji Rd, Narkhuda, Hyderabad, Ranga Reddy, Telangana, 501218, India"", ""lat"": ""17.2572070"", ""lon"": ""78.3451039""}, {""name"": ""LUCKY REAL ESTATE, 68XJ+JH Chowdariguda, Telangana, Shamshabad, Chowderguda, Hyderabad, Ranga Reddy, Telangana, 501218, India"", ""lat"": ""17.2490959"", ""lon"": ""78.3314216""}]"
RAJENDRA_NAGAR_SHAPOOR,RAJENDRA NAGAR,SHAPOOR,2,found,"Shapoor, Telangana",1.0,18.0061198,77.6222813,"Shapoor, Nagalgidda mandal, Sangareddy, Telangana, India",amenity,childcare,30.0,5.179446097500599e-05,[]
RAJENDRA_NAGAR_SHASTRIPURAM,RAJENDRA NAGAR,SHASTRIPURAM,1,found,"Shastripuram, Hyderabad, Telangana",2.0,17.3327514,78.4502307,"Shastripuram, Ward 58 Shastripuram, Greater Hyderabad Municipal Corporation South Zone, Hyderabad, Bahadurpura mandal, Hyderabad, Telangana, 500064, India",place,neighbourhood,24.0,0.08006836270695046,"[{""name"": ""Ward 58 Shastripuram, Greater Hyderabad Municipal Corporation South Zone, Hyderabad, Rajendranagar mandal, Ranga Reddy, Telangana, India"", ""lat"": ""17.3232759"", ""lon"": ""78.4515682""}]"
RAJENDRA_NAGAR_SHIVARAM_PALLY,RAJENDRA NAGAR,SHIVARAM PALLY,1,found,"Shivaram Pally, Hyderabad, Telangana",2.0,17.3230489,78.436567,"NPA Shivaram Pally, NH44, Raghavendra Nagar, Ward 58 Shastripuram, Greater Hyderabad Municipal Corporation South Zone, Hyderabad, Rajendranagar mandal, Ranga Reddy, Telangana, 500052, India",railway,halt,30.0,6.836270695043896e-05,"[{""name"": ""NPA Shivaram Pally, NH44, Raghavendra Nagar, Ward 58 Shastripuram, Greater Hyderabad Municipal Corporation South Zone, Hyderabad, Rajendranagar mandal, Ranga Reddy, Telangana, 500052, India"", ""lat"": ""17.3230265"", ""lon"": ""78.4365781""}]"
SAROORNAGAR_ABDULLAPURMET,SAROORNAGAR,ABDULLAPURMET,2,found,"Abdullapurmet, Telangana",3.0,17.3209561,78.6929681,"Abdullapurmet mandal, Ranga Reddy, Telangana, India",boundary,administrative,12.0,0.13618373728802152,"[{""name"": ""Abdullapurmet lake, Balijaguda, Abdullapurmet mandal, Ranga Reddy, Telangana, India"", ""lat"": ""17.3194891"", ""lon"": ""78.6844552""}, {""name"": ""Abdullapurmet Lake, Laskerguda, Abdullapurmet mandal, Ranga Reddy, Telangana, 501512, India"", ""lat"": ""17.3062228"", ""lon"": ""78.6936274""}]"
SAROORNAGAR_ADIBATLA,SAROORNAGAR,ADIBATLA,2,found,"Adibatla, Telangana",1.0,17.230899,78.5558997,"Adibatla-2, Outer Ring Road, Bongulur, Ibrahimpatnam mandal, Ranga Reddy, Telangana, 501510, India",amenity,childcare,30.0,3.750133516437045e-05,[]
SAROORNAGAR_AUTONAGAR,SAROORNAGAR,AUTONAGAR,1,found,"Autonagar, Hyderabad, Telangana",1.0,17.3356141,78.5792031,"Autonagar, Vijaywada Highway, Sai Nagar, Vanasthalipuram, Ward 13 Hayath Nagar, Greater Hyderabad Municipal Corporation East Zone, Hyderabad, Ranga Reddy, Telangana, 500070, India",amenity,place_of_worship,30.0,6.836270695043896e-05,[]
SAROORNAGAR_BADANGPET,SAROORNAGAR,BADANGPET,1,found,"Badangpet, Hyderabad, Telangana",3.0,17.3383467,78.5222127,"badangpet-almasguda road, New Maruthi Nagar, Karmanghat, Ward 16 Hasthinapuram, Greater Hyderabad Municipal Corporation East Zone, Hyderabad, Balapur mandal, Ranga Reddy, Telangana, 500659, India",highway,tertiary,26.0,0.05340169604028378,"[{""name"": ""badangpet-almasguda road, Om Nagar, Karmanghat, Jillelaguda, Greater Hyderabad Municipal Corporation East Zone, Hyderabad, Balapur mandal, Ranga Reddy, Telangana, 500097, India"", ""lat"": ""17.3313217"", ""lon"": ""78.5262111""}, {""name"": ""Balapur subcentre building Badangpet - HUA(Basthi Dawakhana), RCI road, Sri Chaitanya Homes, Barkas, Greater Hyderabad Municipal Corporation East Zone, Balapur, Balapur mandal, Ranga Reddy, Telangana, 500021, India"", ""lat"": ""17.3075210"", ""lon"": ""78.5053298""}]"
SAROORNAGAR_BAIRAMALGUDA,SAROORNAGAR,BAIRAMALGUDA,1,found,"Bairamalguda, Hyderabad, Telangana",1.0,17.3421597,78.5457628,"Bairamalguda, Hayathnagar mandal, Greater Hyderabad Municipal Corporation East Zone, Hyderabad, Ranga Reddy, Telangana, 500074, India",place,suburb,19.0,0.36467385585497514,[]
SAROORNAGAR_BANDLAGUDA,SAROORNAGAR,BANDLAGUDA,1,found,"Bandlaguda, Hyderabad, Telangana",3.0,17.3714879,78.5727265,"Bandlaguda, Ward 11 Nagole, Greater Hyderabad Municipal Corporation East Zone, Hyderabad, Uppal mandal, Medchal–Malkajgiri, Telangana, 500068, India",place,suburb,19.0,0.1467350293736171,"[{""name"": ""Bandlaguda, Chandrayangutta, Ward 43 Chandrayangutta, Greater Hyderabad Municipal Corporation South Zone, Hyderabad, Bandlaguda mandal, Hyderabad, Telangana, 500005, India"", ""lat"": ""17.3145960"", ""lon"": ""78.4701106""}, {""name"": ""Bandlaguda, Hydrabad Paper mill Road, Patancheru, Ward 113 Patancheruvu, Greater Hyderabad Municipal Corporation West Zone, Hyderabad, Patancheruvu mandal, Sangareddy, Telangana, 502319, India"", ""lat"": ""17.5291099"", ""lon"": ""78.2780119""}]"
SAROORNAGAR_BN_REDDY_NAGAR,SAROORNAGAR,BN REDDY NAGAR,1,found,"Bn Reddy Nagar, Hyderabad, Telangana",3.0,17.462147,78.5921097,"BN Reddy Nagar, Cherlapally, Ward 3 Cherlapally, Greater Hyderabad Municipal Corporation East Zone, Hyderabad, Kapra mandal, Medchal–Malkajgiri, Telangana, 500040, India",place,neighbourhood,24.0,0.08006836270695046,"[{""name"": ""BN Reddy Nagar, Hayathnagar mandal, Greater Hyderabad Municipal Corporation East Zone, Hyderabad, Ranga Reddy, Telangana, 500070, India"", ""lat"": ""17.3197609"", ""lon"": ""78.5623061""}, {""name"": ""BN Reddy Nagar, Cherlapally, Ward 3 Cherlapally, Greater Hyderabad Municipal Corporation East Zone, Hyderabad, Kapra mandal, Medchal\u2013Malkajgiri, Telangana, 500083, India"", ""lat"": ""17.4628833"", ""lon"": ""78.5958189""}]"
SAROORNAGAR_CHAMPAPET,SAROORNAGAR,CHAMPAPET,1,found,"Champapet, Hyderabad, Telangana",1.0,17.3445706,78.5169717,"Champapet, Ward 17 Champapet, Greater Hyderabad Municipal Corporation East Zone, Hyderabad, Saroornagar mandal, Ranga Reddy, Telangana, 500659, India",place,suburb,19.0,0.1467350293736171,[]
SAROORNAGAR_HAYATH_NAGAR,SAROORNAGAR,HAYATH NAGAR,1,found,"Hayath Nagar, Hyderabad, Telangana",3.0,17.33069,78.5760047,"conway, 8HJG+7CC, Raithu Bazar Rd, near Sampoorna Theater, Andhra Kesari Nagar, Kamala Nagar, Hyderabad, Telangana 500070, Raithu Bazar Road, Raithu Bazar, Vanasthalipuram, Ward 13 Hayath Nagar, Greater Hyderabad Municipal Corporation East Zone, Hyderabad, Ranga Reddy, Telangana, 500070, India",building,commercial,30.0,6.836270695043896e-05,"[{""name"": ""sri vasavi electrical, Kamala nagar, Vanasthalipuram, Hyderabad, Telangana 500070, Raithu Bazar Road, Raithu Bazar, Vanasthalipuram, Ward 13 Hayath Nagar, Greater Hyderabad Municipal Corporation East Zone, Hyderabad, Ranga Reddy, Telangana, 500070, India"", ""lat"": ""17.3303362"", ""lon"": ""78.5771085""}, {""name"": ""Sampoorna Theater, Complex, Raithu Bazar Rd, Huda Sai Nagar Colony, Vanasthalipuram, Telangana 500070, Vanasthalipuram Road, Raithu Bazar, Vanasthalipuram, Ward 13 Hayath Nagar, Greater Hyderabad Municipal Corporation East Zone, Hyderabad, Ranga Reddy, Telangana, 500070, India"", ""lat"": ""17.3311387"", ""lon"": ""78.5760357""}]"
SAROORNAGAR_IBRAHIMPATNAM,SAROORNAGAR,IBRAHIMPATNAM,2,found,"Ibrahimpatnam, Telangana",1.0,17.1952924,78.6508564,"Ibrahimpatnam, Ibrahimpatnam mandal, Ranga Reddy, Telangana, 501506, India",place,village,19.0,0.37838153675224867,[]
SAROORNAGAR_INJAPUR,SAROORNAGAR,INJAPUR,1,found,"Injapur, Hyderabad, Telangana",3.0,17.3055148,78.5934992,"Injapur - II, Bank Colony Road, Hayathnagar mandal, Greater Hyderabad Municipal Corporation East Zone, Hyderabad, Ranga Reddy, Telangana, 500070, India",amenity,childcare,30.0,6.836270695043896e-05,"[{""name"": ""Injapur Bus Stop (Sagar Ring Road side), Hyderabad - Nagarjuna Sagar Road, Teachers Colony, Gurramguda, Greater Hyderabad Municipal Corporation East Zone, Hyderabad, Balapur mandal, Ranga Reddy, Telangana, 501510, India"", ""lat"": ""17.2987410"", ""lon"": ""78.5825420""}, {""name"": ""Injapur Bus Stop, Hyderabad - Nagarjuna Sagar Road, Teachers Colony, Gurramguda, Greater Hyderabad Municipal Corporation East Zone, Hyderabad, Balapur mandal, Ranga Reddy, Telangana, 501510, India"", ""lat"": ""17.2994798"", ""lon"": ""78.5820956""}]"
SAROORNAGAR_LENIN_NAGAR,SAROORNAGAR,LENIN NAGAR,1,found,"Lenin Nagar, Hyderabad, Telangana",1.0,17.5132586,78.4237774,"Lenin Nagar, Jagadgirigutta, Ward 126 Jagathgirigutta, Greater Hyderabad Municipal Corporation North Zone, Hyderabad, Quthbullapur mandal, Medchal–Malkajgiri, Telangana, 500055, India",place,neighbourhood,24.0,0.08006836270695046,[]
SAROORNAGAR_L_B_NAGAR,SAROORNAGAR,L.B.NAGAR,1,found,"L.B.Nagar, Hyderabad, Telangana",2.0,17.349846,78.5479412,"L. B. Nagar, Vijaywada Highway, Vivekananda Nagar, LB Nagar, Ward 18 Lingojiguda, Greater Hyderabad Municipal Corporation East Zone, Hyderabad, Saroornagar mandal, Ranga Reddy, Telangana, 500074, India",railway,stop,30.0,6.836270695043896e-05,"[{""name"": ""L. B. Nagar, Vijaywada Highway, Laxmi Nagar Colony, Saroor Nagar, Ward 18 Lingojiguda, Greater Hyderabad Municipal Corporation East Zone, Hyderabad, Saroornagar mandal, Ranga Reddy, Telangana, 500102, India"", ""lat"": ""17.3498071"", ""lon"": ""78.5478875""}]"
SAROORNAGAR_MEERPET,SAROORNAGAR,MEERPET,1,found,"Meerpet, Hyderabad, Telangana",3.0,17.4546432,78.5715499,"Ward 4 Meerpet H.B Colony, Greater Hyderabad Municipal Corporation East Zone, Hyderabad, Uppal mandal, Medchal–Malkajgiri, Telangana, India",boundary,administrative,20.0,0.1334016960402838,"[{""name"": ""Meerpet Ward office, A.P.H.B Colony Main Road, Mangapuram Colony, Ward 4 Meerpet H.B Colony, Greater Hyderabad Municipal Corporation East Zone, Hyderabad, Uppal mandal, Medchal\u2013Malkajgiri, Telangana, 500040, India"", ""lat"": ""17.4580965"", ""lon"": ""78.5646487""}, {""name"": ""Petyaari Pet Clinic Grooming and Diagnostics, H 8-147, near Gayathri Nagar, Kharmanghat, Jillelaguda, near HDFC Bank and Union Bank, Meerpet,, Inner Ring Road, Mythripuram, Karmanghat, Ward 17 Champapet, Greater Hyderabad Municipal Corporation East Zone, Hyderabad, Balapur mandal, Ranga Reddy, Telangana, 500079, India"", ""lat"": ""17.3376801"", ""lon"": ""78.5322366""}]"
SAROORNAGAR_PEDDA_AMBERPET,SAROORNAGAR,PEDDA AMBERPET,1,found,"Pedda Amberpet, Hyderabad, Telangana",1.0,17.3172848,78.6384505,"Pedda Amberpet - IV, Vijaywada Highway, Abdullapurmet mandal, Ranga Reddy, Telangana, 501505, India",amenity,childcare,30.0,4.307240405885431e-05,[]
SAROORNAGAR_RAMAKRISHNAPURAM,SAROORNAGAR,RAMAKRISHNAPURAM,1,found,"Ramakrishnapuram, Hyderabad, Telangana",2.0,17.4749782,78.5376874,"Ramakrishnapuram, Neredmet, Ward 140 Malkajgiri, Greater Hyderabad Municipal Corporation North Zone, Hyderabad, Malkajgiri mandal, Medchal–Malkajgiri, Telangana, 500056, India",place,neighbourhood,24.0,0.08006836270695046,"[{""name"": ""Ramakrishnapuram Cheruvu, Ward 136 Neredmet, Greater Hyderabad Municipal Corporation North Zone, Hyderabad, Malkajgiri mandal, Medchal\u2013Malkajgiri, Telangana, 500056, India"", ""lat"": ""17.4759436"", ""lon"": ""78.5336290""}]"
SAROORNAGAR_SAROORNAGAR,SAROORNAGAR,SAROORNAGAR,1,found,"Saroornagar, Hyderabad, Telangana",3.0,17.3611655,78.5387443,"Ward 19 Saroornagar, Greater Hyderabad Municipal Corporation East Zone, Hyderabad, Saroornagar mandal, Ranga Reddy, Telangana, 500035, India",boundary,administrative,20.0,0.1334016960402838,"[{""name"": ""NTR Nagar, Saroornagar (Basthi Dawakhana), green hills colony, NTR Nagar, Ward 20 RK Puram, Greater Hyderabad Municipal Corporation East Zone, Hyderabad, Saroornagar mandal, Ranga Reddy, Telangana, 500102, India"", ""lat"": ""17.3577692"", ""lon"": ""78.5494821""}, {""name"": ""SubCentre Saroornagar, Road Number 14, Pochammabagh, Saroor Nagar, Ward 19 Saroornagar, Greater Hyderabad Municipal Corporation East Zone, Hyderabad, Saroornagar mandal, Ranga Reddy, Telangana, 500035, India"", ""lat"": ""17.3573228"", ""lon"": ""78.5343008""}]"
SAROORNAGAR_TURKAYAMZAL,SAROORNAGAR,TURKAYAMZAL,2,not_found,,,,,,,,,,
SAROORNAGAR_VANASTHALIPURAM,SAROORNAGAR,VANASTHALIPURAM,1,found,"Vanasthalipuram, Hyderabad, Telangana",3.0,17.3303179,78.568278,"Vanasthalipuram, Hayathnagar mandal, Greater Hyderabad Municipal Corporation East Zone, Hyderabad, Ranga Reddy, Telangana, 500070, India",place,suburb,19.0,0.1467350293736171,"[{""name"": ""Vanasthalipuram, Vijaywada Highway, Indira Nagar, Chintalkunta, Hayathnagar mandal, Greater Hyderabad Municipal Corporation East Zone, Hyderabad, Ranga Reddy, Telangana, 500070, India"", ""lat"": ""17.3367900"", ""lon"": ""78.5741408""}, {""name"": ""Vanasthalipuram, Vijaywada Highway, Prashanth Nagar, Vanasthalipuram, Hayathnagar mandal, Greater Hyderabad Municipal Corporation East Zone, Hyderabad, Ranga Reddy, Telangana, 500070, India"", ""lat"": ""17.3365928"", ""lon"": ""78.5736125""}]"
SECUNDERABAD_ALWAL,SECUNDERABAD,ALWAL,1,found,"Alwal, Hyderabad, Telangana",2.0,17.5022292,78.5088584,"Alwal, Ward 134 Alwal, Greater Hyderabad Municipal Corporation North Zone, Hyderabad, Alwal mandal, Medchal–Malkajgiri, Telangana, 500015, India",place,suburb,19.0,0.3687910674753876,"[{""name"": ""alwal, Alwal, Ward 134 Alwal, Greater Hyderabad Municipal Corporation North Zone, Hyderabad, Alwal mandal, Medchal\u2013Malkajgiri, Telangana, 500015, India"", ""lat"": ""17.5018763"", ""lon"": ""78.5090947""}]"
SECUNDERABAD_BALANAGAR,SECUNDERABAD,BALANAGAR,1,found,"Balanagar, Hyderabad, Telangana",3.0,17.4768224,78.4219645,"Balanagar, Kukkatpally Main Road - Mumbai Highway, Habeeb Nagar, Ward 115 Balaji Nagar, Greater Hyderabad Municipal Corporation West Zone, Hyderabad, Kukatpally mandal, Medchal–Malkajgiri, Telangana, 500047, India",railway,station,30.0,0.22274623325780465,"[{""name"": ""Balanagar, Kukkatpally Main Road - Mumbai Highway, Habeeb Nagar, Ward 115 Balaji Nagar, Greater Hyderabad Municipal Corporation West Zone, Hyderabad, Kukatpally mandal, Medchal\u2013Malkajgiri, Telangana, 500047, India"", ""lat"": ""17.4770298"", ""lon"": ""78.4216187""}, {""name"": ""Balanagar, Balanagar Cross Road, Idpl, Ward 120 Balanagar, Greater Hyderabad Municipal Corporation West Zone, Hyderabad, Balanagar mandal, Medchal\u2013Malkajgiri, Telangana, 500071, India"", ""lat"": ""17.4657110"", ""lon"": ""78.4495252""}]"
SECUNDERABAD_BOLLARUM,SECUNDERABAD,BOLLARUM,1,found,"Bollarum, Hyderabad, Telangana",1.0,17.5216284,78.5162616,"Urban Primary Health Centre, Bollarum, Stewart Road, Lakadwala Colony, Bolarum, Alwal mandal, Hyderabad, Telangana, 500094, India",amenity,clinic,30.0,5.36987869077137e-05,[]
SECUNDERABAD_CLOCK_TOWER,SECUNDERABAD,CLOCK TOWER,1,found,"Clock Tower, Hyderabad, Telangana",1.0,17.4409014,78.4985547,"Clock Tower, Regimental Bazar Main Road, Marredpally mandal, Greater Hyderabad Municipal Corporation North Zone, Hyderabad, Telangana, 500003, India",historic,monument,30.0,6.836270695043896e-05,[]
SECUNDERABAD_FEROZEGUDA,SECUNDERABAD,FEROZEGUDA,2,not_found,,,,,,,,,,
SECUNDERABAD_GYMKHANA,SECUNDERABAD,GYMKHANA,1,found,"Gymkhana, Hyderabad, Telangana",3.0,17.4467891,78.4896468,"Gymkhana Grounds, Rasoolpura, Tirumalagiri mandal, Hyderabad, Telangana, India",landuse,recreation_ground,24.0,0.08005369878690773,"[{""name"": ""Gymkhana Cricket Pitch, General Choudhuri Road, Boiguda, Marredpally mandal, Secunderabad mandal, Hyderabad, Telangana, 500003, India"", ""lat"": ""17.4449626"", ""lon"": ""78.4900223""}, {""name"": ""Hyderabad Gymkhana, Road No. 2, Jubilee Hills, Ward 95 Jubilee Hills, Greater Hyderabad Municipal Corporation Central Zone, Hyderabad, Shaikpet mandal, Hyderabad, Telangana, 500096, India"", ""lat"": ""17.4254119"", ""lon"": ""78.4206370""}]"
SECUNDERABAD_I_D_P_L,SECUNDERABAD,I.D.P.L.,1,found,"I.D.P.L., Hyderabad, Telangana",2.0,17.360589,78.4740613,"Hyderabad, Bahadurpura mandal, Hyderabad, Telangana, India",boundary,administrative,16.0,0.6445777068319916,"[{""name"": ""Hyderabad, Telangana, India"", ""lat"": ""17.3887860"", ""lon"": ""78.4610647""}]"
SECUNDERABAD_KARKHANA,SECUNDERABAD,KARKHANA,1,found,"Karkhana, Hyderabad, Telangana",1.0,17.4732138,78.5115017,"Karkhana, Tirumalagiri, Tirumalagiri mandal, Hyderabad, Telangana, 500015, India",place,neighbourhood,24.0,0.36591189903985394,[]
SECUNDERABAD_LALBAZAR,SECUNDERABAD,LALBAZAR,2,not_found,,,,,,,,,,
SECUNDERABAD_LALLAGUDA,SECUNDERABAD,LALLAGUDA,1,found,"Lallaguda, Hyderabad, Telangana",1.0,17.4377225,78.521976,"South Central Railway Central Hospital Lallaguda, Lalaguda Bridge, Fateh Nagar, Ward 144 Mettuguda, Greater Hyderabad Municipal Corporation North Zone, Hyderabad, Malkajgiri mandal, Medchal–Malkajgiri, Telangana, 500017, India",amenity,hospital,30.0,6.836270695043896e-05,[]
SECUNDERABAD_MARREDPALLY,SECUNDERABAD,MARREDPALLY,1,found,"Marredpally, Hyderabad, Telangana",1.0,17.4507936,78.5048972,"Marredpally mandal, Hyderabad, Telangana, India",boundary,administrative,12.0,0.24006836270695045,[]
SECUNDERABAD_NEW_BOWENPALLY,SECUNDERABAD,NEW BOWENPALLY,1,found,"New Bowenpally, Hyderabad, Telangana",1.0,17.462942,78.4712356,"kbn, new bowenpally, Balanagar Main Road, Vayu Nagar, Rasoolpura, Tirumalagiri mandal, Hyderabad, Telangana, 500011, India",building,house,30.0,5.36987869077137e-05,[]
SECUNDERABAD_OLD_BOWENPALLY,SECUNDERABAD,OLD BOWENPALLY,1,found,"Old Bowenpally, Hyderabad, Telangana",3.0,17.4772245,78.4849389,"Old Bowenpally Qabristan, Greater Hyderabad Municipal Corporation West Zone, Hyderabad, Balanagar mandal, Medchal–Malkajgiri, Telangana, India",landuse,cemetery,24.0,0.08005369878690773,"[{""name"": ""Old Bowenpally Bus stop, Hasmathpet bus stop road, HAL Colony, Greater Hyderabad Municipal Corporation West Zone, Hyderabad, Balanagar mandal, Medchal\u2013Malkajgiri, Telangana, 500015, India"", ""lat"": ""17.4766303"", ""lon"": ""78.4788563""}, {""name"": ""Government Homoeo Dispensary, Old Bowenpally, Hasmathpet bus stop road, HAL Colony, Greater Hyderabad Municipal Corporation West Zone, Hyderabad, Balanagar mandal, Hyderabad, Telangana, 500015, India"", ""lat"": ""17.4777191"", ""lon"": ""78.4787375""}]"
SECUNDERABAD_PADMARAO_NAGAR,SECUNDERABAD,PADMARAO NAGAR,1,found,"Padmarao Nagar, Hyderabad, Telangana",3.0,17.4256007,78.5085153,"padmarao nagar park, Boiguda, Marredpally mandal, Greater Hyderabad Municipal Corporation North Zone, Hyderabad, Telangana, India",leisure,park,24.0,0.08006836270695046,"[{""name"": ""Padmarao Nagar Road, Padma Rao Nagar, Boiguda, Marredpally mandal, Greater Hyderabad Municipal Corporation North Zone, Hyderabad, Telangana, 500025, India"", ""lat"": ""17.4261682"", ""lon"": ""78.5076996""}, {""name"": ""Padmarao Nagar Road, Parsigutta, Ward 146 Boudha Nagar, Greater Hyderabad Municipal Corporation North Zone, Hyderabad, Musheerabad mandal, Hyderabad, Telangana, 500061, India"", ""lat"": ""17.4152617"", ""lon"": ""78.5109524""}]"
SECUNDERABAD_PARADISE,SECUNDERABAD,PARADISE,1,found,"Paradise, Hyderabad, Telangana",3.0,17.4419052,78.4875195,"Paradise, S.D. Road, Jawahar Nagar Colony, Boiguda, Ward 149 Begumpet, Greater Hyderabad Municipal Corporation North Zone, Hyderabad, Secunderabad mandal, Hyderabad, Telangana, 500003, India",highway,traffic_signals,30.0,6.836270695043896e-05,"[{""name"": ""Paradise, NTR Nagar Road, AS Raju Nagar, Kukatpally, Ward 122 Vivekananda Nagar Colony, Greater Hyderabad Municipal Corporation West Zone, Hyderabad, Kukatpally mandal, Medchal\u2013Malkajgiri, Telangana, 500072, India"", ""lat"": ""17.4931834"", ""lon"": ""78.4044261""}, {""name"": ""Paradise, LB Nagar Service Road, NTR Nagar, Ward 20 RK Puram, Greater Hyderabad Municipal Corporation East Zone, Hyderabad, Saroornagar mandal, Ranga Reddy, Telangana, 500102, India"", ""lat"": ""17.3608547"", ""lon"": ""78.5445611""}]"
SECUNDERABAD_RANGA_REDDY_NAGAR,SECUNDERABAD,RANGA REDDY NAGAR,1,found,"Ranga Reddy Nagar, Hyderabad, Telangana",3.0,17.3262463,78.4094032,"P.V. Narsimha Rao Telangana Veterinary University Administrative Office, Rajendra nagar road, Bansilal Nagar, Budvel, Ward 60 Rajendra Nagar, Greater Hyderabad Municipal Corporation South Zone, Hyderabad, Rajendranagar mandal, Ranga Reddy, Telangana, 500030, India",amenity,university,30.0,0.2562004762132184,"[{""name"": ""17, Jayabheri Pine Valley (Lane Adjacent to Care hospital),Gachibowli, Jayabheri Pine Valley, Gachibowli, Hyderabad, Telangana 500032, Telecom Nagar, Khajaguda, Greater Hyderabad Municipal Corporation West Zone, Hyderabad, Serilingampalle mandal, Ranga Reddy, Telangana, 500104, India"", ""lat"": ""17.4304064"", ""lon"": ""78.3707079""}, {""name"": ""simply telangana, LB Nagar Service Road, NTR Nagar, Ward 20 RK Puram, Greater Hyderabad Municipal Corporation East Zone, Hyderabad, Saroornagar mandal, Ranga Reddy, Telangana, 500102, India"", ""lat"": ""17.3590224"", ""lon"": ""78.5450699""}]"
SECUNDERABAD_R_P_NILAYAM,SECUNDERABAD,R.P. NILAYAM,4,found,"Rashtrapati Nilayam, Telangana",1.0,17.5052816,78.5209315,"Rashtrapati nilayam, Malkajgiri mandal, Medchal–Malkajgiri, Telangana, India",landuse,military,24.0,0.08005369878690773,[]
SECUNDERABAD_TARNAKA,SECUNDERABAD,TARNAKA,1,found,"Tarnaka, Hyderabad, Telangana",3.0,17.4285479,78.5379433,"Tarnaka, lane number 5, Hanuman Nagar Colony, Marredpally mandal, Greater Hyderabad Municipal Corporation North Zone, Hyderabad, Telangana, 500017, India",leisure,beach_resort,30.0,0.3704139248106284,"[{""name"": ""Tarnaka, Krishna Deva Raya Road, Mettuguda, Sitaphalmandi, Marredpally mandal, Greater Hyderabad Municipal Corporation North Zone, Hyderabad, Malkajgiri mandal, Hyderabad, Telangana, 500017, India"", ""lat"": ""17.4282965"", ""lon"": ""78.5284415""}, {""name"": ""Sudharshan, Tarnaka, Street No 1, Hanuman Nagar Colony, Marredpally mandal, Greater Hyderabad Municipal Corporation North Zone, Hyderabad, Telangana, 500017, India"", ""lat"": ""17.4248942"", ""lon"": ""78.5358894""}]"
